,Corrected English Content,Corrected Hindi Content,Corrected Bengali Content,Alternate Corrected Bengali Content,Corrected Telugu Content,Corrected Marathi Content,Corrected Tamil Content,Corrected Malayalam Content,Corrected Kannada Content,Corrected Odia Content,Corrected Punjabi Content,Corrected Gujarati Content,Corrected Assamese Content
pc_complain.project_warranty.crm.project_updated_successfully,Project updated successfully.,????????? ??????????? ????? ?? ??? ???,??????????? ??????? ????? ??? ??????,,?????????? ?????????? ??????? ?????????.,????????? ????????????/?????????? ????? ??????? ???.,????????? ??????????? ??????? ?????????????.,??????????? ?????????? ?????????? ??????.,?????????? ????? ?????????? ??????? ?????????.,????????? ?????? ?? ????? ?????,???????? ?????????? ?????? ???? ????,????????? ??????????? ????? ?? ???? ??.,?????????? ??????? ????? ??? ????
pc_complain.project_warranty.crm.project_created_successfully,Project created successfully.,????????? ??????????? ??? ???? ??? ???,??????????? ??????? ???? ??? ??????,,?????????? ?????????? ??????????????.,????????? ????????????/?????????? ???? ??????? ???.,????????? ??????????? ????????????????.,??????????? ?????????? ?????????.,?????????? ????? ?????????? ???????? ?????????.,????????? ?????? ?? ?????? ?????,???????? ?????????? ????? ????,????????? ??????????? ????????? ???? ??.,?????????? ??????? ????? ??? ?????
pc_complain.project_warranty.crm.project_create_update_error,An error occurred while creating or updating the project.,????????? ????? ?? ????? ???? ??? ??? ????? ? ???,??????????? ???? ???? ??? ?? ????? ???? ??? ???? ?????? ??????,,????????????? ??????????????????? ???? ??????? ??????????? ???? ?????????.,????????? ???? ?????? ????? ????? ?????? ??????/??? ???.,????????? ??????????? ???? ?????? ??????? ???????????? ???? ?????????.,??????????? ??????????????? ?????????? ???????????? ??? ????? ???????.,?????????? ????? ???????? ??????? ???? ??????? ??????? ??? ?????????.,????????? ??????? ?????? ?????  ????? ????? ?? ?????? ????????,???????? ????? ??? ???????? ??? ????? ?????? ?? ???,????????? ?????? ???? ???? ????? ???? ???? ??? ?????? ???? ??.,?????????? ????? ???? ???? ?? ????? ???? ???? ???? ?????? ??????
pc_complain.project_warranty.crm.project_not_found,Project not found for given id.,??? ?? ???? ?? ??? ????????? ???? ?????,????? ????? ???? ????????? ????? ??????,,?????? ??? ???? ?????????? ????????????.,???????? ???????? ????????? ?????? ????.,????????????? ??????? ????????? ?????????????.,?????????????? ??????? ??????????? ?????????? ??????????.,??????? ????? ?????????? ???????????.,?????????? ???? ???? ????????? ?????????,????? ?? ???? ?? ???????? ???? ??????,???? ???? ???? ????????? ????? ???.,???? ????? ????? ???????? ??? ???? ?
pc_complain.project_warranty.crm.warranty_allready_activated,Project is already active and could not be updated.,????????? ???? ?? ?? ?????? ?? ?? ????? ???? ???? ?? ????,??????????? ????????? ????????? ??? ??? ????? ??? ???????,,?????????? ???????? ??????????? ???? ????? ??????? ?????????.,????????? ???? ??????/???????? ??? ??? ????? ???? ????? ????.,????????? ??????? ??????? ?????? ??????? ??????? ????? ???????????.,??????????? ?????? ????????? ??? ?????? ?????????? ??????? ????????.,?????????? ?????? ??????? ????? ????? ??????? ????? ??????????.,??? ????????? ??????? ?????? ??? ??? ????? ????? ???????????? ??????,???????? ?????? ?? ????? ?? ??? ?????? ???? ???? ?? ?????,????????? ??????? ? ?????? ?? ??? ????? ??? ????? ???.,?????????? ????????? ????????? ??? ??? ???? ????? ???? ???????
pc_complain.project_warranty.crm.warranty_not_applied,Project not applied yet.,????????? ??? ?? ?????? ???? ??? ???,????????????? ???? ??????? ??? ??????,,?????????? ???? ?????????????. /?????????? ???? ????? ?????????.,????????? ?????? ???? ?????? ????.,?????????  ??????? ????????????????????.,??????????? ??? ??? ??????????????????.,?????????? ????? ????? ????? ??????.,????????? ?????????? ??????????? ????????,???????? ??? ???? ???? ???? ????,????????? ??? ???? ???? ??????? ????? ???.,?????????? ?????? ??????? ???? ??? ?
pc_complain.project_warranty.crm.warranty_updated,Project status updated successfully.,????????? ?? ?????? ??????????? ????? ?? ??? ???,??????????? ??????????? ??????? ????? ??? ??????,,?????????? ??????? ?????????? ??????? ?????????.,??????????? ?????? ????????????/?????????? ????? ??????? ???.,????????? ????????? ??????????? ??????? ?????????????.,??????????? ??? ?????????? ?????????? ??????.,?????????? ??????? ????? ?????????? ??????? ?????????.,?????????? ???????? ?????? ?? ????? ????????,???????? ????? ?????????? ?????? ???? ???,????????? ?????? ??????????? ????? ???? ??.,????????? ??????????? ??????? ????? ??? ?????
pc_complain.project_warranty.crm.warranty_not_created,Project not created yet.,????????? ??? ?? ???? ????? ??? ???,????????? ???? ???? ??? ?????,,?????????? ???? ??????????????.,????????? ?????? ???? ?????? ????.,????????? ??????? ??????????????????.,??????????? ??? ??? ??????????????????.,?????????? ????? ????? ???????? ??????????.,????????? ?????????? ?????? ????????,???????? ??? ????? ???? ??? ???,????????? ??? ???? ????????? ????? ???.,???????? ?????? ????? ??? ???? ??? ?
pc_complain.project_warranty.crm.unhandled_exception,An error occurred while updating the project status.,????????? ?? ?????? ????? ???? ??? ??? ????? ? ???,??????????? ??????????? ????? ???? ???? ???? ?????? ??????,,?????????? ??????? ?? ??????? ??????????? ???? ?????????.,??????????? ?????? ????? ?????? ??????/??? ???.,????????? ????????? ??????? ???????????? ???? ?????????.,??????????? ??? ?????????? ????????????????? ??? ????? ???????.,?????????? ??????? ????? ??????? ??????? ??? ?????????.,?????????? ???????? ????? ????? ????? ?? ?????? ???????,???????? ????? ??? ?????? ??? ????? ?????? ?? ???,????????? ?????? ????? ???? ???? ??? ?????? ???? ??.,????????? ??????????? ????? ???? ????? ???? ???? ?????? ???? ????
pc_complain.project_warranty.get_loyalty_earn_transaction.success,Loyalty Earning Transaction Fetched Successfully.,??????? ??????? ??????????? ??????????? ??????? ?? ???? ??? ???,??????? ????? ??? ???????? ??????? ????? ????? ?????,,??????? ???????? ????????????? ?????????? ??????????.,??????? ?????? ???????/????????????  ????????????/?????????? ????????? ???.,??????? ??????? ??????????? ????????????? ???????????.,???????? ???????? ?????? ?????????? ?????????.,??????? ???????? ????????????? ?????????? ??????????.,???????  ??????? ?????? ?????? ???? ??????? ???? ,?????? ?????? ???-??? ?? ?????????? ??? ????? ????,??????? ??????? ???????????? ??????????? ?????? ??.,??????? ????? ??? ??????? ??????? ????? ?????
pc_complain.project_warranty.get_loyalty_earn_transaction.throwable,Unable to fetch Loyalty Earning transaction.,??????? ??????? ??????????? ??????? ???? ?? ????,??????? ????? ??? ???????? ????? ????? ?????? ???,,??????? ???????? ????????????? ?? ?????? ?????? ??????.,??????? ?????? ???????/???????????? ?????? ??? ????.,??????? ??????? ??????????????? ??? ???????????.,???????? ???????? ?????? ?????????? ????????????.,??????? ???????? ????????????? ?????? ????????????????.,???????  ??????? ?????? ??????? ???? ,?????? ?????? ???-??? ?? ??? ????? ???? ???????,??????? ??????? ???????????? ????? ???? ???.,??????? ????? ??? ??????? ?????? ???? ??? ?
,,,,,,,,,,,,,
import_history.messages.not_exist_zip,The ZIP file does not exist.,ZIP ???? ????? ???? ???,ZIP ?????? ???????? ???,,???? ???? ????.,??? (ZIP) ???? ?????????? ????.,ZIP ????? ?????,ZIP ??? ?????? ????.,ZIP ???? ????????????????.,???? ?????? ???????? ?????,???? ???? ????? ???? ???,??? ???? ??????????? ???.,ZIP ????? ???????? ???
import_history.messages.empty_zip,The uploaded ZIP file is empty. Please upload a valid ZIP containing PDF files.,????? ?? ?? ZIP ???? ???? ??? ????? PDF ?????? ???? ?? ????? ZIP ????? ?????,????? ??? ZIP ?????? ???? ???? ??????? ??? PDF ???? ????? ??? ???? ???? ZIP ???? ????? ?????,,???????? ?????  ZIP(????) ???? ?????? ????. ?????? PDF ???????? ????? ???? ?????????? ????? ZIP(????)?? ???????? ??????.,????? ?????? ??? (ZIP) ???? ?????? ???. ????? ?????? (PDF) ?????? ?????? ???  ??? ???? ????? ???.,???????  ??????????? ZIP ????? ??????? ??????. PDF ?????????? ????? ??????????????? ZIP ????? ??????? ?????????.,???????? ????? ZIP ??? ????????. PDF ?????? ??????? ??????? ??? ZIP ??? ???????? ???????.,???????? ????? ZIP ???? ????????. ???????? PDF ???????? ???? ???????? ZIP ???????? ????.,????? ?????????? ZIP ?????? ???? ???? ?????? ?? ??? ZIP ???? ?????? ???????? PDF ???? ??????,?????? ???? ?? ???? ???? ???? ??? ????? ???? ?????? ?????? ???? ??? ???? ???? ?????? ????,????? ????? ??? ???? ???? ??. ???? ????? PDF ????? ?????? ????? ??? ????? ???.,????? ??? ZIP ?????? ???? ???? ??????? ??? PDF ???? ??? ??? ???? ZIP ???? ????? ????
import_history.messages.folder_exists_in_zip,"The uploaded ZIP file contains a folder, which is not allowed.","????? ?? ?? ZIP ???? ??? ?? ?????? ??, ????? ?????? ???? ???",????? ??? ZIP ????? ??? ???? ??????? ??? ???? ???????? ????,,???????? ????? ZIP(????) ??????? ???????????? ??????? ????.,"????? ???????? ??? (ZIP) ????????? ?????? ???, ?? ??????? ????.",???????  ??????????? ZIP ??????? ??????????????? ??? ???????? ??????.,???????? ????? ZIP ????? ???????????????? ??? ????? ?????.,???????? ????? ZIP ???? ????? ??? ???? ??????? ???.,"????? ?????????? ZIP ???? ?? ?? ????? ?????, ????? ?????? ??????","?????? ???? ?? ???? ???? ???? ????? ??, ????? ?????? ???? ???","????? ????? ??? ??????? ?? ?????? ??, ?? ????? ???.",????? ??? ZIP ????? ??????? ??? ??????? ??? ???? ???????? ????
import_history.messages.max_pdf_files_exceeded,"The ZIP file contains more than :max PDF files, which exceeds the allowed limit.","ZIP ???? ??? :?????? ?? ??????? PDF?????? ???, ?? ????? ???? ?? ??????? ???","ZIP ????? :max-?? ???? PDF ???? ??????, ?? ???????? ?????? ??????? ??? ?????",,"ZIP(????) ??????? ?????????? ???? ???? ?????? ??????? :max PDF ???????, ??? ???????????? ????????? ????????????. / ZIP(????) ??????? :max ???? ?????? PDF ??????? ???????, ??? ???????????? ????????? ????????????.","??? (ZIP) ????????? :max ?????? ????? PDF ?????? ????, ???????? ??????? ??????? ???.",ZIP ???????  ??????????????? ?????? ?????? :max PDF ???????? ??????? ?????.,"ZIP ????? :max PDF ???????? ?????? ?????, ??? ??????????????????? ?????????? ?????????.","ZIP ???? ????? ??????? ??? :max ???? ??????? PDF ??????????? ???????, ??? ??? ?????? ????????? ?????????.","??? ZIP ???? : ???????? PDF ???? ???? ????? , ???? ?????? ???? ?? ??????? ??????","???? ???? ???? ??? ??? :max PDF ?????? ??, ?? ????? ?? ???? ??? ??? ???","??? ??????? :max ????? ??? PDF ????? ??, ?? ????? ??????? ????? ??? ??.","ZIP ??????? ????? :max PDF ???? ???? ???, ?? ??????? ?????? ??????? ????"
import_history.messages.non_pdf,ZIP contains non-PDF files.,ZIP ??? ???-PDF ?????? ????,ZIP-? ??? ???? ????? ???? PDF ???? ???,,ZIP(????)?? PDF ???? ??????? ???????.,??? (ZIP) ????? ?????? (PDF) ????? ??? ?????????? ?????? ????.,ZIP ??? PDF ?????? ???????? ?????.,ZIP ? PDF-??? ?????? ?????.,ZIP ????? PDF ????? ???????? ???., ZIP ?? ???? ???? ????? ???? PDF ?????,???? ???? ???-?????? ?????? ???,?????? ???-?????? ????? ??.,ZIP-? non-PDF ???????? ????
import_history.messages.invalid_file_format,Invalid filename format.,???? ??? ?? ??????? ?????? ???,?????? ????? ?????????? ???? ???,,????? ???? ???? ????????.,?????? ??? ???????? ???????? ???.,????? ????? ????? ????????? .,???????? ??? ???? ?????????.,???? ???? ???????? ???????? .,???? ???? ?????? ??? ?????,???? ??????? ???????,?????? ???? ??? ???????.,???? ?????????? ???????? 
import_history.messages.pan_no_not_exist,Pan Number Does Not Exist,??? ???? ????? ???? ??,????? ??????? ???????? ???,,????(PAN) ????? ??????? ????,??? ??????? ?????????? ????.,???? ??? ?????,??? ????? ?????? ????.,?????? ????? ????????????????,??? ????? ?????? ?????,??? ???? ????? ???? ??,??? ???? ??????????? ???,??? ?????? ???????? ???
import_history.messages.opus_id_not_exist,OPUS Id Does Not Exist,??? ???? ????? ???? ??,???? ????-?? ???????? ???,,OPUS ??? ??????? ????,??? ???? ?????????? ????.,OPUS ??? ?????,OPUS ??? ?????? ????.,OPUS ??? ????????????????,OPUS ???? ?????? ?????,??? ???? ????? ???? ??,OPUS Id ??????????? ???,OPUS Id ? ???????? ???
import_history.messages.tds_record_fetch,TDS record retrieved successfully,TDS ??????? ??????????? ??????? ?? ???? ??? ??,TDS ???????? ??????? ?????? ??? ??????,,TDS ???????? ?????????? ?????? ??????????,?????? (TDS) ??????? ???????????? ????????? ???.,TDS ????? ??????????? ???????????????????,TDS ??? ?????????? ?????????,TDS ???????? ?????????? ?????????????,TDS ?????? ?????? ?? ?????????? ?????,??????? ?????? ?? ?????????? ??? ????? ???,TDS ??????? ??????????? ?????? ??,TDS ?????? ??????? ?????? ??? ????
messages.import_history.messages.year_required,Year is required,??? ?????? ??,????? ???????? ???,,???????? ?????,???? ?????? ???.,????? ????,???? ?????????,????? ?????????,???? ??????,??? ?????? ??,???? ????? ??,????? ????????
,,,,,,,,,,,,,
point_history.points_failed,Unable to fetch points,????? ??????? ???? ?? ???,??????? ????? ????? ?????? ??,,?????????? ?????? ?????? ??????,??????? ?????? ??? ?????.,????????????? ??? ???????????,?????????? ?????????? ????????????,????????? ?????? ????????????????,????? ??????? ??????? ??????,?????? ??? ????? ???? ??????,???????? ????? ????? ???,????? ???? ??? ???
point_history.points_success,Points fetched successfully,????? ??????????? ??????? ?? ??? ?? ???,??????? ??????? ????? ????? ????,,????????? ?????????? ???????????,??????? ???????????? ??????.,??????????? ????????????? ??????????,?????????? ?????????? ?????????,????????? ?????????? ??????????,????? ??????? ??????? ???,?????? ?????????? ??? ???? ??,???????? ??????????? ?????? ??,????? ??????? ??????
,,,,,,,,,,,,,
constants_text.values.G,Points adjustment against technical issue,?????? ?????? ?? ???? ????? ?????? ??? ??,?????????? ??????? ???? ????????? ?????????? ??? ?????,,???????? ??????? ??????????? ???????? ?????????,???????? ????????? ??????? ??????? ???? ????.,??????????? ??????????? ?????? ??????????? ??????????,????????? ??????? ????? ?????????? ?????????? ??????,????????? ??????? ??????? ????????? ?????????,?? ?????? ?????? ?????? ???????????? ?????? ????????,?????? ???? ?? ?? ?????? ????????? ,??????? ?????? ???? ???????? ???????????, ????? ???????????? ??????? ?????? ???????
constants_text.points_refence_types.technical_glitch_message,Points adjustment against technical issue,?????? ?????? ?? ???? ????? ?????? ??? ??,?????????? ??????? ???? ????????? ?????????? ??? ?????,,???????? ??????? ??????????? ???????? ?????????,???????? ????????? ??????? ??????? ???? ????.,??????????? ??????????? ?????? ????????? ??????????,????????? ??????? ????? ?????????? ?????????? ??????,????????? ??????? ??????? ????????? ?????????,?? ?????? ?????? ?????? ???????????? ?????? ????????,?????? ???? ?? ?? ?????? ????????? ,??????? ?????? ???? ???????? ???????????, ????? ???????????? ??????? ?????? ???????
,,,,,,,,,,,,,
project_warranty.app.lead_not_assigned_to_this_pc,Invalid request: unauthorized lead conversion.,?????? ??????: ??????? ??? ?????????,??? ??????: ????? ????????????? ???????? ??? (????????)?,,????? ????????: ??????? ???? ????????.,???? ??????: ?????? ?????? ??? ????????.,????? ????????: ????????????????? ???? ????????? .,???????? ??????: ?????????????????? ???? ??????.,?????? ??????: ??????? ???? ?????????.,???? ??????: ??????? ??? ????????,???? ?????: ????????? ??? ????????/????????,?????? ??????: ??????? ??? ????????.,???? ??????: ???????????? ??? ?????????
project_warranty.app.lead_expired,The lead has expired and cannot be converted.,??? ???????? ?? ?? ?? ?? ??? ??????? ???? ???? ?? ???? ???,????? ?????? ??? ???? ???? ??? ????? ???????? ??? ???? ???,,???? ????? ????????? ????? ?????????.,?? ??? ???????? ???? ??? ??? ????????? ???? ????? ????.,???? ???????????? ??????? ????? ????????.,???????? ??????? ??????? ?????? ??????? ????????.,???? ???? ???????? ????? ??????????? ??????????.,????? ???? ?????? ???????? ??? ????? ?????????? ??????????? ?????,??? ?? ???? ??? ?? ?? ??? ????? ????? ???? ?? ?????,??? ???????? ?? ???? ?? ??? ????????? ??? ????? ???.,???? ????? ???? ???? ??? ????? ???????? ???? ??????
,,,,,,,,,,,,,
daily_unblock_limit_reached,You have reached the limit to unblock this user for a day.,?? ?? ???? ?? ?? ??? ?? ??? ??????? ???? ?? ????? ??? ?? ???? ????,???? ?? ??????? ??????? ???? ?????? ???? ??? ???? ??????? ????? ??????,,???? ? ????????????? ?? ???? ???? ?????????? ????????? ????????? ????????????.,?????? ?????? ????????? ????????? ??????? ???????? ??????? ????? ???.,?????? ????? ??? ???????? ????????? ??????????? ?????? ??????? ??????????????????.,?????? ? ???????????? ??? ???????????? ?????????? ??????????? ????? ?????????????????.,???? ???? ????????? ? ???????????? ???????????? ????????? ???????????.,????? ??? ???? ??? ??????????????? ??????? ?????? ???? ?????? ?????,????? ??? ??? ?? ?? ??????? ??? ?????? ??? ?? ???? ???? ?? ?? ???,??? ?? ???? ???? ? ?????? ??????? ?????? ??????? ???? ?????? ??? ??.,????? ?? ???????????? ????? ???? ?????? ???? ????? ????? ????
,,,,,,,,,,,,,
consecutive_unblock_validation,The user has been blocked due to consecutive invalid scans and will be automatically unblocked on :ACTIVATED_TIME.,???? ?? ?????? ?????? ????? ?? ???? ????? ???? ??? ?? ?? :ACTIVATED_TIME ?? ???? ?? ??????? ?? ???? ??????,?????? ??????? ??????? ???? ????? ??????? ???? ??? ?????? ??? ?? ????? ????? ??? ???? ????? ?????? ??? ???? :ACTIVATED_TIME?,,?????? ????? ???????? ??????? ??????????? ?????? ?????????? ????? ???????????? :ACTIVATED_TIME? ?????????? ?????????.,???????? ????????? ????????? ????? ??????? ??? ??? ??? ?? :ACTIVATED_TIME ???????????? ???? ???? ????? ??????? ???? ????.,"???????????? ????? ????????? ??????? ????? ?????? ??????????????????, ?????? : ACTIVATED_TIME ????? ??????? ????????? ??????????????.",??????????? ???????? ???????? ??????? ????? ???????????? ???????? ???????????????? :ACTIVATED_TIME ?? ????????????????? ?????????? ????.,??? ?????? ????????????????? ???????????? ?????? ????????? ????? ? ??? ??????????? ??? ?????? ???????????? :ACTIVATED_TIME.,??????? ????  ????? ????? ???????????? ????? ???????? ??? ?????????? ????? ?????? ?????:ACTIVATED_TIME,??????? ??? ?????? ???? ?????? ?? ???? ???? ?? ????? ??? ?? ??? :ACTIVATED_TIME ??? ???? ?? ?????? ?? ????? ???????,??? ?????? ????? ????? ????? ?????? ????? ??????? ???? ?? ??? :ACTIVATED_TIME ?? ??? ?????? ??????? ??????? ????.,???????????? ??????? ???? ?????? ???? ???? ??? ???? ??? :ACTIVATED_TIME ? ???????????????? ?????? ??? ?'??
,,,,,,,,,,,,,
governance_validation/scanning_not_allowed,The scanning feature will unlock :hours hours after your registration.,???????? ?????? ???? ??????????? ?? :hours ???? ??? ????? ?? ??????,????? ???????????? ???? :hours ?????? ??? ?????????-?? ??????? ???? ??? ?????,,?? ????????????? ?????? :hours ???? ?????? ????????? ????? ???????? ???????????.,?????????????? :hours ??????? ???????? ???? ????? ????.,?????? ???????????  :hours ???????????????? ????? ???????? ?????? ?????????????.,????????? ???????????? ???? :hours ?????????? ???????? ??????? ???????? ????.,????? ????????????? ? ???? :?????? ???? ??????????? ??????????? ???????? ????????.,?????? ??????? ?????? ????: ?????? ????????? ???? ????? ???,??????? ???? ????? ??????: ?????? ??????????? ??? hours hours ?????,???????? ?????? ????? ????????????? :hours ????? ??? ????? ???.,?????? ????????? ?????? ???? ??????? ????????? ???? ?'?
governance_validation/redemption_not_allowed,The redemption feature will unlock :hours hours after your profile approval.,????????? ?????? ???? ???????? ?? ??????? ?? :hours ???? ??? ????? ?? ??????,????? ?????????? ????????? :hours hours ??? ????????? ??????? ???? ??? ?????,,?? ???????? ????? ?????? :hours ???? ?????? ?????????? ????? ???????? ???????????.,???????? ?????????? :hours ??????? ?????????? ???? ????? ????.,?????? ????????? ?????????????? ????? :hours hours ?????? ?????????? ?????? ?????????????.,????????? ??????? ?????????? ???? :hours ?????????? ???????????? ??????? ???????? ????.,????? ???????? ????????? ???? :?????? ???? ?????????? ??????????? ???????? ????????.,???????  ????????? ????? ???: ??????? ????????? ??????? ????? ????? ??? ,????????? ???? ????? ??????: ?????? ???????? ???????? ??? hours hours ?????,????? ???????? ?????? ??? :hours ????? ??? ????????? ?????? ????? ???.,?????? ???'???? ???????? ?????? ???? ????????? ????????? ???? ?'??
governance_validation/first_redemption_points_required,First redemption requires a minimum of :points points.,???? ????????? ?? ??? ??????? :points ????? ?? ????? ???? ???,????? ??????????? ???? ??????? :points points ????????? ?????????,,????? ????????????? ????? :points ????????? ?????.,??????? ?????????????? ????? :points ??????? ?????? ????.,????? ?????????????? ????????????? :points  points ??????????? ????.,???? ??? ????????????? ???????? :points ?????????? ????.,???? ????????????? ?????? :?????????? ?????? ???????????.,????? ????????? ???? ?????????: ????? ??????,????? ????????? ?? ?????? ?? ????-??? :points points ,????? ????????? ???? ?????? ??? :points ???????? ???? ??.,????? ?????????? ???? ??????? :????? ?????? ?????????
governance_validation/first_redemption_rupees_required,First redemption requires a minimum of :rupees rupees.,???? ????????? ?? ??? ??????? :rupees ????? ?? ????? ???? ???,????? ??????????? ???? ??????? :rupees rupees ????? ?????????,,????? ????????????? ????? :rupees ??????? ?????.,??????? ?????????????? ????? :rupees ????? ?????? ????.,"????? ?????????????? ????????????? :rupees rupees  ?????? ????.
",???? ??? ????????????? ???????? :rupees ??? ????.,???? ????????????? ?????? :???????? ????????? ???????????.,????? ????????? ???? ?????????:  ????? ????? ?????? ,????? ????????? ?? ?????? ?? ????-??? : rupees rupees,????? ????????? ???? ?????? ??? :ropes ???????? ???? ??.,????? ?????????? ???? ??????? :??? ???? ????????
governance_validation/api_success,Validated result fetched successfully.,???????? ?????? ??????????? ??????? ?? ???? ??? ???,????? ??? ????? ??????? ????? ????? ?????,,?????????????  ?????(?????????? ???????) ?????????? ??????????.,??????????? ????? ???????????? ????????? ???.,???????????????? ?????? ??????????? ???????????.,?????????? ??? ?????????? ?????????.,?????????? ?? ???????????? ?????????? ??????????.,????? ???? ??????? ????? ???,???????? ????? ?? ?????????? ????? ????,????? ?????? ??????????? ?????? ??.,??? ????? ??????? ??? ?????
,,,,,,,,,,,,,
scan_code/non_birla_opus_err,The non-Birla Opus coupon has been scanned.,???-????? ??? ???? ?? ????? ?? ???? ??? ???,??-????? ???? ?????? ??????? ??? ??????,,???? - ?????? ???? ????? ?????? ?????????.,???-?????? ??? ???? ????? ??????? ??? ???.,????-?????? ????  ??????? ?????? ?????????????????.,????-??? ???? ?????? ????? ????????????????.,?????? ???? ????? ????? ???????? ?????????.,?? ?? ??????  ???? ????? ????? ????????,??? ????? ??? ???? ???? ???? ??? ???,???-????? ??? ???? ????? ??????? ???? ??.,??-?????? ???? ???? ????? ??? ????
,,,,,,,,,,,,,
point_history/otp_verification_filed,Unable to verify OTP for point redemption,????? ????????? ?? ??? OTP ??????? ???? ?? ???,?????? ??????????? ???? OTP-?? ????? ??? ?????,,??????? ?????????? ???? OTP?? ?????????????????? /??????? ?????????? ???? OTP?? ?????? ????????????,????? ?????????????? OTP ??????? ??? ????.,????????  ???????????????? OTP ? ?????????? ???????????,???????? ????????????? OTP ???????????? ????????????,??????? ??????????????? OTP ?????? ????? ??????????,????? ????????? ???? ??????? ????? ????? ????? ?????,?????? ????????? ?? ????? ?? ?????? ??? ???? ??????,?????? ????????? ???? OTP ????? ????? ???,????? ?????????? ???? OTP ??????? ???? ??????
point_history/points_failed,Unable to fetch points,????? ??????? ???? ?? ???,??????? ????? ????? ?????,,??????????? ?????? ?????? ??????,??????? ?????? ??? ?????.,????????????? ??? ???????????,?????????? ?????????? ????????????,????????? ?????? ????????????????,????? ??????? ??????? ??????,????? ???? 10 ??????? ???? ?????? ??????? ????,???????? ????? ????? ???,????? ???? ??? ???
point_history/points_success,Points fetched successfully,????? ??????????? ??????? ?? ??? ?? ???,??????? ??????? ????? ????? ????,,?????????? ?????????? ???????????,??????? ????????????/?????????? ??????.,??????????? ????????????? ??????????,?????????? ????????? ?????????,????????? ?????????? ??????????,????? ??????? ??????? ?????,?????? ?????????? ??? ???? ??,?????? ??????????? ?????? ??,????? ??????? ??????
,,,,,,,,,,,,,
rate_limiting_message/crm_profile_sync,Please try again after 10 seconds.,????? 10 ????? ?? ??? ??? ?? ????? ?????,??????? ??? 10 ??????? ??? ???? ?????? ?????,,?????? 10 ?????? ?????? ????? ?????????????.,????? 10 ????????? ?????? ??????? ???.,10 ??????????????? ????? ???????? ??????????????.,?????? 10 ??????????? ???? ??????? ??????????.,???????? 10 ??????? ???? ????? ??????????.,?????? 10 ??????? ??? ??????? ?????? ??????,????? ???? 10 ??????? ???? ?????? ??????? ????,???? ????? 10 ?????? ??? ??? ?????? ???.,??????? ??? ?? ???????? ???? ???? ?????? ????
,,,,,,,,,,,,,
app_profile_details/update_date_of_anniversary_success,Date of anniversary has been updated successfully,????????? ?? ????? ??????????? ????? ?? ?? ?? ??,??????????????? ??????? ??????? ????? ??? ??????,,???????????? ???? ?????????? ??????? ?????????,?????????? ????? ????????????/?????????? ????? ??????? ??? ???.,????????? ???? ??????????? ??????? ?????????????,?????? ????? ?????????? ?????????? ??????,????????????? ??????????? ?????????? ??????? ?????????,???????? ????? ?????? ?? ????? ????????,???????? ?? ???? ?????????? ?????? ???? ?? ??,?????????? ????? ??????????? ????? ??????? ???? ??,??????????? ????? ??????? ????? ??? ????
app_profile_details/update_date_of_anniversary_failed,Unable to update date of anniversary,????????? ?? ????? ????? ???? ?? ???,??????????????? ??????? ????? ??? ?????,,???????????? ?????? ??????? ?????????????,?????????? ????? ????? ???? ??? ????.,????????? ?????? ??????? ????? ???????????,?????? ????? ?????????? ??????? ????????????,????????????? ??????????? ??????? ????? ??????????,???????? ????? ????? ??????? ????,???????? ?? ???? ?????? ??? ???? ??????,?????????? ????? ????? ??????? ?????? ???,??????????? ????? ????? ???? ??? ???
app_profile_details/current_persona_success,Current persona has been updated successfully,??????? ??????? (??????????) ??????????? ????? ?? ???? ??? ??,??????? ?????????? (??????????) ??????? ????? ??? ??????,,???????? ???????????(persona) ?????????? ??????? ?????????,??????? ??????????? (persona) ????????????/?????????? ????? ??????? ??? ???.,???????? ???????? ??????????? ??????? ?????????????,??????? ???? ?????????? ?????????? ????????????????,???????? ??????????????? ?????????? ??????? ?????????,????????? ??????????? ?????? ?? ?????? ????????,?????? ?????? ?????????? ?????? ???? ??? ??,??????? ?????????? (persona) ??????????? ????? ??????? ???? ??,???????? ?????????? ??????? ????? ??? ????
app_profile_details/current_persona_failed,Unable to update current persona,??????? ??????? (??????????) ????? ???? ?? ???,??????? ?????????? (??????????) ????? ??? ?????,,???????? ???????????????(persona) ??????? ?????????????,??????? ??????????? (persona) ????? ???? ??? ????.,???????? ?????????? ??????? ????? ???????????.,??????? ???? ?????????? ??????? ????????????,???????? ??????????????? ??????? ????? ????????????????,????????? ??????????? ????????????? ????,?????? ?????? ??? ?????? ??? ???? ??????,??????? ?????????? ????? ??????? ?????? ???,???????? ?????????? ?????? ???? ??? ???
app_profile_details/current_persona_failed_pc_not_found,Invalid request: user must be a trade contractor,?????? ??????: ???? ?? ????? ??????? ???? ?????,??? ??????: ??????? ?????? ????? ????????????? ??? ???,??? ??????: ??????? ?????? ???? ????????? ??????? ??? ???,????? ????????: ??????????? ??????(?????) ???????????? ??? ??????,???? ??????: ????????? ????? ???????????? ?????.,????? ????????: ????? ??? ??????? ?????????????? ?????? ????????,???????? ??????: ?????????? ??? ?????? ??????????? ??????????.,?????? ??????: ????????? ??????? ????????????????????,???? ??????: ??????????? ??? ????????? ??????? ???? ??????,???? ?????: ??????? ?????/???? ??????? ???? ?????? ??,?????? ??????: ???? ????? ???????????? ???? ????,???? ??????: ??????????? ??? ????????? ??????? ?'? ?????
,,,,,,,,,,,,,
ic/erp_invoice/success,Invoice synced successfully.,?????? ??????????? ???? ?? ???? ??? ???,???????? ??????? ????? ??? ??????,,?????????? ?????????? ????????????????? / ?????????? ?????????? ????? ?????????.,???????? ????????????/?????????? ???????? (synced) ??????? ??? ???.,????????? ??????????? ?????? ?????????????.,?????????? ?????????? ?????????????????.,?????????? ?????????? ????? ?????????.,????? ???? ??????? ??????? ????????,?????? ?????????? ???? ???? ????,??????? ??????????? ???????? ???? ??.,????? ??????? ???? ??? ?????
ic/erp_invoice/failed,Unable to sync Invoice data.,?????? ???? ???? ???? ?? ????,???????? ?????? ????? ??? ??????,,?????????? ?????? ????????????????????? / ?????????? ?????? ????? ?????????????.,???????? ???? ???????? ???? ??? ????.,????????? ????????  ?????? ????? ???????????.,?????????? ???????? ?????????? ?????????????????? ????????????.,?????????? ????????? ????? ????? ??????????.,????? ?????? ??????? ??????? ????,?????? ???? ???? ??? ???? ???????,??????? ???? ???????? ??????? ?????? ???.,????? ???? ????? ???? ??? ????
ic/erp_invoice/x_api_required,API Key is Required.,API ?? ?????? ???, API ??-?? ??????? ????,,API ?? ?????.,API ?? ?????? ???.,API ?? ????.,API ?? ?????????.,API ?? ?????????.,API ?? ?????? ? ,????? ?? ?????? ???,API ?? ????? ??.,API ??'? ?????????
ic/erp_invoice/x_api_failed,API Key is Invalid.,API ?? ?????? ???,API ??-?? ???? ???,,API ?? ?????.,API ?? ???? ???.,API ?? ???????.,API ?? ?????????.,API ?? ????????????.,API ?? ????,????? ?? ???? ???,API ?? ?????? ??.,API ?? ?????
ic/erp_invoice/pc_not_found,Painters Contractors not found by given opus ID,??? ?? ??? ???? ?? ????? ??????? ???? ????,????? ???? ???? ???? ?????????? ??????????????? ????? ?????? ??????,????? ???? ???? ???? ?????????? ????????? ????? ?????? ??????,?????? ???? ??? ?????? ????????? ?????????????? ????????????,???????? ??? ???????? ????? ???????????? ?????? ?????.,????????????? ???? ??? ????? ???????????? ???????????????? ?????????????????,?????????????? ???? ??? ?????? ?????????????? ?????????????????? ?????????? ??????????,?????? ???? ??? ???? ???????? ????????????? ???????????,??????? ??????? ?????????? opus ???? ?????? ?????,????? ?? ??? ???? ????? ????? ??????? ???? ????,???? ??? ???? ?????? ????????? ???????????? ????? ???,???????? ???????? ????? ???? ????? ?????? ???? ??'?
ic/erp_invoice/product_code_not_found,Product not found by given product code,??? ?? ???????? ??? ?? ???????? ???? ????,????? ????????? ??? ??????? ????????? ????? ?????? ??????,,?????? ????????? ???? ?????? ????????? ????????????,???????? ???????? ??????? ???????? ?????? ????.,????????????? ????????? ???? ????? ????????? ?????????????????,?????????????? ??????? ???? ?????? ???????? ?????????? ??????????,?????? ???? ??? ???? ??????? ???????????,?????????? ??????? ???? ?????? ??????? ??????????,????? ?? ????? ??? ????? ?? ????? ???? ?????,???? ???????? ??? ?????? ???????? ??? ???,??????? ???????? ?'?? ?????? ???????? ???? ??'?
ic/erp_invoice/product_code_empty,The product code field is required.,???????? ??? ????? ?????? ???,????????? ????? ???????? ???????? ????,????????? ????? ??????? ???? ???????? ????,????????? ???? ?????? ?????.,???????? ??? ????? ?????? ???.,????????? ???? ????.,??????? ???? ???? ????? ?????????.,????????? ???? ???? ?????????.,??????? ???? ??????? ??????????? ???,????? ??? ???? ?????? ???,???????? ??? ????? ????? ??.,???????? ?’? ??????? ????????????
ic/erp_invoice/ip_failed,Your IP address is not white listed.,???? IP ?????? ????????????? ???? ???,????? IP ????????? ?????? ??????? ????,,?? IP ???????? ???? ?????? ?????????.,????? IP ????? ???????????????? ????.,?????? IP ?????? ?????? ???? ?????? ????????.,????????? IP ?????? ?????? ???????? ?????????????.,????? IP ?????????? ???? ?????? ????? ????????????.,?????? ???? ????? ??? ???????? ?????,?????? ???? ?????? ???? ???? ???? ???,?????? IP ??????? ????????????? ???.,?????? IP ????? ??? ??????????? ?????
,,,,,,,,,,,,,
ic/sfa_site/success_create,Site created successfully.,???? ??????????? ??? ?? ?? ???,???? ??????? ???? ??? ???????,,???? ?????????? ??????????????.,???? ????????????/?????????? ???? ??????? ??? ???.,???? ??????????? ????????????????.,?????? ?????????? ?????????.,???? ????? ?????????? ????????  ?????????.,???? ?????? ?? ?????? ?????,???? ?????????? ???? ???,???? ??????????? ????????? ???? ??.,??????? ???? ?????? ??? ?????
ic/sfa_site/success_update,Site updated successfully.,???? ??????????? ????? ?? ?? ???,???? ??????? ????? ??? ???????,,???? ?????????? ??????? ?????????.,???? ????????????//?????????? ????? ??????? ??? ???.,???? ??????????? ??????? ?????????????.,?????? ?????????? ?????????? ??????.,???? ????? ?????????? ??????? ?????????.,???? ?????? ?? ????? ?????,???? ?????????? ?????? ???? ???,???? ??????????? ????? ??????? ???? ??.,?????? ??????? ????? ??? ?????
ic/sfa_site/failed,Unable to create/update site.,???? ???/????? ???? ?? ????,???? ????/????? ??? ???????,,??????? ??????????/??????? ????? ?????? ??????.,???? ????/????? ???? ??? ????.,?????? ????????/??????? ????? ???????????.,?????? ??????????/?????????? ??????? ????????????.,???? ????? ??????/??????? ????? ????????????????.,????? ??????/????? ??????? ??????,???? ?????/?????? ??? ???? ???????,???? ??????/????? ??????? ?????? ???.,???? ??????/????? ???? ??? ????
ic/sfa_site/site_exists_invalid_id,Invalid request: the provided site ID does not match the existing site ID.,?????? ??????: ?? ?? ???? ???? ?????? ???? ???? ?? ??? ???? ???? ???,??? ??????: ????? ???? ?????? ???????? ???? ????? ???? ????? ???,,????? ????????: ???????? ???? ??? ???????? ???? ???? ????? ???????? ????.,???? ??????: ?????? ???? ID ???????? ???? ID ?? ???? ????.,????? ????????: ??????????? ???? ??? ??????? ???? ???? ???????? ?????????????.,???????? ??????: ??????????????? ?????? ??? ??????? ?????? ????????? ????????????????????.,?????? ??????: ??????? ???? ?????????? ???? ?????? ???????????????.,???? ??????: ?????? ?????????? ????? ???? ???????? ????? ???? ???? ??? ??? ?????,???? ?????: ????? ?? ???? ???? ?????? ???? ???? ??? ??? ???? ??????,?????? ??????: ???? ???? ???? ????? ???? ???? ???? ??? ????? ???.,???? ??????: ?????? ??? ???? ID ???????? ???? ID ? ???? ??? ???
ic/sfa_site/site_not_exists,Invalid request: Site not exists with provided id.,?????? ??????: ?? ?? ???? ???? ???? ????? ???? ???,??? ??????: ????? ???? ?? ??????? ???? ???????? ????,,????? ????????: ???????? ????? ???? ??????? ????.,???? ??????: ???????? ID ?? ???? ?????????? ????.,????? ????????: ??????????? ???????? ???? ?????.,???????? ??????: ??????????????? ?????? ?????? ?????? ????.,?????? ??????: ?????? ???? ??? ???????????????? ???? ????? ??????????????????.,???? ??????: ???? ?????? ?????????? ???? ???? ????? ???????? ?????,???? ?????: ????? ?? ???? ??? ???? ????? ???? ???,?????? ??????: ???? ???? ???? ???? ??????????? ???,???? ??????: ?????? ??? ID ? ???? ????? ???????? ???
ic/sfa_site/invalid_opus_id,Contractor not found with the provided Opus PC ID.,?? ?? ??? ???? ???? ?? ??????? ???? ?????,????? ???? PC ???? ?? ??????????????? ????? ?????? ???????,????? ???? PC ???? ?? ????????? ????? ?????? ???????,???????? ???? PC ????? ???????????? ????????????.,???????? ??? PC ID ?? ???????????? ?????? ????.,??????????? ???? PC ????????????????????? ?????????????.,??????????????? ???? PC ??????? ??????????? ????????.,?????? ???? ???? ?????????? ??????????? ???????????.,?????????? Opus PC ???? ???? ??????? ?????? ?????,????? ?? ??? ???? ???? ??? ??????? ???? ??????,???? ??? PC ???? ???? ???????????? ????? ???.,?????? ??? Opus ???? ????? ???? ??????? ???? ??’?
ic/sfa_site/ip_failed,Your IP address is not white listed.,???? IP ?????? ????????????? ???? ???,????? IP ????????? ?????? ??????? ????,,?? IP ???????? ???? ????????? ????.,????? IP ????? ???????????????? ????.,?????? IP ?????? ?????? ???? ?????? ????????.,????????? IP ?????? ?????? ???????? ?????????????.,????? IP ?????????? ???? ?????? ????? ????????????.,?????? ???? ????? ??? ???????? ?????,?????? ???? ?????? ???? ???? ???? ???,????? IP ??????? ????????????? ???.,?????? IP ????? ??? ??????????? ?????
,,,,,,,,,,,,,
painter_contractor/type_of_user/label_trade_contractor,Trade & Institutional Contractor,????? ?? ???????? ???????,????? ? ????????????? ?????????????,????????? ? ????????????? ???????,?????? ????? ???????????????? ???????????? / ????? ????? ????? ????????????,????? ??? ?????????????? ????????????.,????????? & ?????? ????????????? ,?????? & ?????? ???????????,??????? ????? ???????? ???????????,????????? ??? ???????? ???????,????? ??? ??????? ???????,????? ??? ?????????????? ????????????,??????? ??? ???????????? ???????
,,,,,,,,,,,,,
painter_contractor/listing/deleted_date,Deleted Date,????? ?? ?? ????? / ????? ???? ?? ?????,????? ??? ?????,,????????? ????,??????? ?????.,??????????? ????,?????? ????? ?????,?????? ??????,????? ?????,????? ?? ????,???? ????? ?????,??? ?????? ?????
painter_contractor/listing/available_point,Available Point,?????? ?????,?????? ???????,,????? ???????,?????? ?????.,????????? ???????? ,??????? ????????,????????? ?????????,?????? ?????,????? ?????? ,?????? ??????,?????? ?????
painter_contractor/listing/WF_TTY_code,WF TTY code,WF TTY ???,WF TTY ???,,WF TTY ????,WF TTY ???.,WF TTY ???? ,WF TTY ????,WF TTY ????,WF TTY ???,???????? ??????? ???,WF TTY ???,"WF TTY ?'?
"
,,,,,,,,,,,,,
painter_contractor/messages/deactivate_user_conversion,Deactivated account is not allowed to change user type,???????????? ?????? ?? ???? ?? ?????? ????? ?? ?????? ???? ??,?????????? ???????????? ??????? ????? ???????? ???? ?????? ????? ?? ??,????????????? ??? ???????????? ??????? ????? ???????? ???? ?????? ????? ?? ??,???????????? ??????? ?????? ????? ??????? ??????????? ????????????,????????? ????/?????? ????????????? ?????? ???????? ?????? ????.,??????????? ?? ????????? ??????????? ????? ????? ????? ????????.,????????????? ????? ??????????? ???? ??? ??????? ?????????????,??????????? ????? ?????? ?  ??????? ??????????? ????????? ???????????????,????????? ??????? ??????? ?????????????? ?????? ?????????? ???????? ?????,????????? ??? ???? ??? ??????? ?? ???? ???? ?? ?????? ???? ??,????????? ???? ????????? ???? ?????? ??????? ?????? ???,?????????? ??????? ???????????? ??? ???? ???? ?????? ????? ???? ???
painter_contractor/messages/guest_to_tc_conversion,You cannot convert guest user to TC user,?? ????? ???? ?? TC ???? ??? ???? ??? ???? ???,???? ????? ??????? TC ?????? ?????????? ???? ?????? ??,,???? ?????? ???????? TC ???????? ?????????,????? ????????????? TC ???????????????? ????????? ???? ????? ????.,?????? ????? TC ?????? ????? ????????,??????? ??????? ?????????? TC ???? ????? ??????? ????????,???? ????? ???????????? TC ??????????? ??????????? ??????????,??? ??? ????????? ???????? ????? TC ?? ???????? ????????? ?????,????? ?????? ??????? ??? ???? ??????? ???? ???? ??? ????,??? ????? ?????? TC ??????? ????????? ??? ???? ???,????? ????? ???????????? TC ????????????? ???????? ???? ??????
,,,,,,,,,,,,,
ic/sfa_site/x_api_required,API Key is Required.,API ?? ?????? ???, API ??-?? ??????? ????,,API ?? ?????.,API ?? ?????? ???.,API ?? ????.,API ?? ?????????.,API ?? ?????????.,API ?? ??????,????? ?? ?????? ???,API ?? ????? ??.,API ??'? ?????????
ic/sfa_site/x_api_failed,API Key is Invalid.,API ?? ?????? ???,API ??-?? ???? ???,,API ?? ?????.,API ?? ???? ???.,API ?? ????????.,API ?? ?????????,API ?? ????????????.,API ?? ????,????? ?? ???? ???,API ?? ?????? ??.,"API ?? ?????
"
ic/sfa_site/site_not_exists_with_given_id,Invalid request: Site already exist with the given site id.,?????? ??????: ???? ???? ?? ?? ?? ?? ???? ???? ?? ??? ????? ???,??? ??????: ????? ???? ???? ?? ??????? ???????? ??????,,????? ????????: ?????? ???? ????? ???? ???????? ????.,???? ??????: ???????? ???? ID ?? ???? ???? ?????????? ???.,????? ????????: ????????????? ???? ???????? ???? ??????? ??????.,???????? ??????: ??????????????? ?????? ???????? ?????? ?????? ?????? ?????.,?????? ??????: ??????? ???? ?????????? ???? ?????? ???????????????.,???? ??????: ?????????? ????? ???? ???? ????? ??????? ???????? ???,???? ?????: ????? ?? ???? ???? ??? ???? ?????? ?? ????? ???,?????? ??????: ???? ???? ???? ???? ???? ??????? ? ??????????? ??.,"???? ??????: ??????? ???? id ? ???? ???? ???????? ???
"
,,,,,,,,,,,,,
painter_contractor/messages/type_conversion_error,There is an error regarding type conversion,?????? ????? ?? ????? ??? ??? ????? ??,????? ?????????? ???????? ???? ?????? ?????,,???? ????????? ?? ????????? ?? ???? ????,?????? ????????????????? ?????? ???.,???? ?????????  ???????? ??? ???? ??????,?????? ?????????? ??? ????? ?????,?????? ??????????? ???????????? ???????.,????????????? ????????? ????????? ?? ?????? ?????,???? ???? ??? ?????? ?????? ??,???? ???????? ??????? ?????? ??,??? ???????? ???????? ??? ??? ????
painter_contractor/messages/deactivate_confirmation_text,Are you sure you want to deactivate this user?,???? ?? ?? ??? ?? ???? ?? ?????????? ???? ????? ????,???? ?? ?????? ?? ??????? ?????????? ???? ????,???? ?? ?????? ?? ??????? ????????????? ???? ????,???? ? ???????? ???????????? ???????????????????,???????? ?????? ??? ?? ?? ?????? ?? ????????? ????????? ??? ????????,???? ????? ??????????? ????? ??????????????????,? ???????????? ????????????? ??????? ????? ??????????????????,? ???????????? ??????????? ????? ???? ???????? ?????????,??? ??????? ?? ??? ??? ??????????????? ????????? ??????? ???????????,?? ????? ???? ?? ??????? ??? ????????? ???? ??????? ???,??? ??? ????? ? ?????? ????????? ???? ????? ???,????? ??????? ???? ?? ????? ?? ???????????? ?????????? ???? ???????
painter_contractor/messages/deactivate,The user has been deactivated successfully.,???? ?? ??????????? ?????????? ?? ???? ??? ???,??????? ??????? ?????????? ??? ???????,??????? ??????? ????????????? ??? ???????,????? ?????????? ???????????? ??????????.,????????? ???????????? ????????? ??????? ??? ???.,????? ??????????? ???????????  ??????????????????.,???????????? ?????????? ????????????? ??????.,???????????? ?????????? ??????????? ?????????.,??????????????? ?????? ?? ?????????  ????????,??????? ??? ?????????? ????????? ?? ????? ??? ???,?????? ??????????? ????????? ??????? ????? ??.,"???????????? ??????? ?????????? ??? ?????
"
painter_contractor/messages/reactivate_user_account_text,Reinstate User Account,???? ?????? ???? ????,????? ???????????? ????????? ????,,????? ???????? ???????????????,????????? ????/?????? ?????? ?????? ???.,????? ????????? ???????? ?????????,???? ????????? ???????????????,??????? ?????? ????? ???????????,??????????? ????????? ?????????? ??????,??????? ???? ??? ???? ???,???? ??????? ???? ?????? ???,??????????? ??????? ???? ???????? ???
painter_contractor/messages/error_available_point,You cannot transfer points because your available point is below zero.,?? ????? ???????? ???? ?? ???? ??????? ???? ?????? ????? ????? ?? ?? ????,????? ?????? ??????? ??????? ???? ????? ???? ???? ??????? ?????????? ???? ?????? ???,,?? ?????????? ???? ??????? ?????? ???? ???????? ???????? ???? ?????????? ??????????? ???????.,????? ?????? ??????? ?????????? ???? ?????????? ??????? ????????? ???? ????? ?????.,?????? ?????????????? ???????? ????????????????? ???? ?????????? ??????? ??????????? ????? ????????.,????????? ??????? ?????????? ?????????? ???? ??????? ?????????? ?????????? ???????? ??????? ????????.,????? ??????????? ????????? ?????????? ????? ?????????? ???? ????????? ????? ?????????? ??????????.,??? ????? ?????????? ????????? ????? ???? ?????? ????? ??????? ????? ??? ???,????? ?????? ???????? ???? ?? ???? ?????? ?????? ????? ?????? ????? ??? ??? ???,??? ?????? ????????? ??? ???? ??? ???? ?? ????? ?????? ?????? ??????? ??? ??.,?????? ?????? ?????? ?????? ??? ???? ???? ????? ????? ?????????? ???? ??????
painter_contractor/messages/transfer_point,The transfer points must be at least 1 value.,???????? ????? ?? ?? ?? 1 ???? ??????,?????????? ??? ????????? ??? ??????? 1 ??? ????,,??????????? ??????? ????????? ????? 1 ????? ??????.,???? ??? 1 ????? ????????? ????? ?????.,???????? ??????????? ????????????? 1 ???????? ?????? ????????.,???????? ????????? ????????????? ????????? ?????? 1 ??????????.,???????? ????????? ?????? 1 ?????????? ??????????.,?????????? ????? ??????? 1  ???? ??????,???????? ?????? ????-??? 1 ??? ???? ?????? ???,????????? ?????? ?????? ??? 1 ????? ???? ????.,?????????? ???????? ?????? ? ??? ?’? ?????
painter_contractor/messages/max_transfer_point,You cannot transfer more points than you currently have available.,?? ??????? ??? ?????? ????? ?? ?????? ????? ???????? ???? ?? ???? ????,???? ????? ???????? ?????? ????????? ???? ???? ??????? ?????????? ???? ?????? ???,,???? ????????? ?????????? ???? ???????? ?????? ?????????? ??????????? ???????.,?????????? ???????? ????????????? ????? ????????? ???? ????? ?????.,??????? ????????? ?????? ??? ??????? ??????????? ????? ????????.,?????????? ?????? ??????? ???????????????? ?????? ???????? ??????? ????????.,???? ???????? ??????????????? ??????? ????????? ?????????? ??????????.,?????? ????? ?????? ???? ???? ???? ????? ??? ?????????? ????????? ?????,????? ?? ???? ????? ???????? ??? ??? ???????? ???? ?? ?????,??? ?????? ?????? ??? ???? ????? ??? ?????? ????????? ??? ??? ????.,??????? ????????? ???? ????? ?????????? ???? ???????
painter_contractor/messages/transfer_user_point_success,Account has been settled.,?????? ???? ?? ???? ??? ???,???????????? ????? ??? ???????,?????????? ????????? ??? ???????,?????? ?????? ?????????.,???? ?????? ??????? ??? ???.,?????? ???????? ?????????????.,????????? ?????????????????????.,?????? ????? ?????????????????.,????????? ????? ???????????,???? ???? ?? ??? ???,??????? ???? ?? ???? ??.,??????? ????????? ??? ?????
painter_contractor/messages/new_opus_id_validation_error,"The OPUS ID you searched for is either not recognized as a Painter/Contractor or not approved, so you cannot send points to it.","???? ?? ??? ???? ???? ?? ??, ???? ?? ?? ?????/??????? ?? ??? ??? ????? ???? ??? ?? ?? ???????? ???? ??, ????? ?? ??? ????? ???? ??? ???? ????","????? ?????? ????? ???? ?????? ??? ????????/????????????? ?????? ??????? ??? ???? ???????? ???, ??? ???? ??? ??????? ?????? ?????? ???","????? ?????? ????? ???? ?????? ??? ????????/??????? ?????? ??????? ??? ???? ???????? ???, ??? ???? ??? ??????? ?????? ?????? ???","???? ???????? OPUS ??? ????????/??????????????? ?????????????? ???? ?????????????, ??????? ???? ?????? ?????????? ???????.","?????? ??????? ??? ???? ?????/???????????? ?????? ????? ?????? ???? ????? ???????? ????, ???????? ??????? ????????? ???? ????? ????.","??????? ????? OPUS ??? ??? ?????????/?????????????? ?????????????????????, ???? ??????? ?????? ??????????? ?????? ????????.","?????? ?????? ???? ??? ??? ????????/??????????? ???  ???????? ?????????? ??????????????????, ?????? ?????????? ????????? ?????????? ??????? ?????.","???? ??????? OPUS ID ????? ??????/??????????? ???? ?????????????? ???? ???????????????, ???????? ???? ?????? ????????? ???????? ??????????.","??? ???????? OPUS ????  ??? ???????/??????? ????? ??????????????? ????? ?????? ???????? ?????, ???? ??? ????? ?????????? ??????","?????? ????? ???? ?? ??? ???? ??? ??? ?????/??????? ???? ????? ?????? ???? ?? ??? ?????? ???? ??, ?? ?? ????? ?? ??? ?????? ???? ??? ?????","??? ?? ??? ???? ??????? ?? ?? ???????/???????????? ????? ??????? ??? ???? ????? ???, ???? ??? ???? ?????? ????? ???? ???.","????? ????? OPUS ID ??? ????????/??????? ?????? ???????? ????? ???? ??? ?? ???????? ??? ???? ???, ????? ????? ?????? ????? ?????? ???? ???????"
,,,,,,,,,,,,,
painter_contractor/reactivate_user_account/create/label_old_opus_pc_id,Old Opus ID,?????? ??? ????,?????? ???? ????,,??? ???? ???,???? ??? ????.,???? ???? ???,??? ???? ???,???? ???? ???,?????? OPUS ????,?????? ??? ????,????? ??? ????,????? Opus ID
painter_contractor/reactivate_user_account/create/label_new_opus_pc_id,New Opus ID,?? ??? ????,???? ???? ????,,????? ???? ???,???? ??? ????.,????? ???? ???,????? ???? ???,??? ???? ???,??? OPUS ????,???? ??? ????,???? ??? ????,???? Opus ID
painter_contractor/reactivate_user_account/create/label_transfer_point,Transfer Points,????? ???????? ????,??????? ?????????? ????,,????????? ?? ??????????? ??????,??????? ????????? ???.,???????? ???????????,?????????? ???????? ???????,???????? ?????????,?????????? ????? ,?????? ???,?????? ????????? ???,"?????????? ?????
"
painter_contractor/reactivate_user_account/create/is_confirmed_text,I agree to transfer the point from one account to another,??? ?? ?????? ?? ????? ?????? ??? ????? ???????? ???? ?? ??? ???? ???,??? ?? ???????????? ???? ???? ??????????? ??????? ?????????? ???? ???????? ?????? ????????,,?? ?????? ????? ???? ???????? ?????????? ??????????? ????????? ???? ?????????????????,?? ??? ????????? ??????? ??????? ??????? ????????? ??????? ????? ????/????.,??? ????????????????? ??????? ??????????? ?????????? ????? ???? ?????????????????,??? ??? ?????????? ?????? ??????????????? ?????????? ???????? ??????? ??????????????,???? ??????? ????? ???? ?????? ??? ???????? ?????? ?? ?????????? ???????????,??? ????? ???????? ??????? ???? ????????? ?????????? ??????? ????,??? ?????? ??? ??? ???? ??? ???? ???? ???? ???????? ??? ?? ?????? ????? ???,??? ?? ???????????? ???? ?????????? ?????? ????????? ???? ???? ????? ???? ???,??? ???????? ??? ?? ??? ????????? ??????? ?????????? ?????? ?? ?????
,,,,,,,,,,,,,
constants_text/points_refence_types/values/Q,Point Mismatch Credit,????? ?????? ???????,??????? ???????? ???????,,??????? ??????????? ????????,????? ?????? ???????.,???????? ????????? ????????,???????? ????????????? ??????????,??????? ??????????? ????????,???????????? ?????? ????????,?????? ?????? ???????,?????? ?????? ???????,????? ?????? ???????
constants_text/points_refence_types/values/S,Point Mismatch Debit,????? ?????? ?????,??????? ???????? ?????,,??????? ??????????? ??????,????? ?????? ?????.,???????? ????????? ?????? ,???????? ????????????? ????????,??????? ??????????? ??????,???????????? ?????? ?????,?????? ?????? ?????,?????? ?????? ?????,????? ?????? ?????
,,,,,,,,,,,,,
constants_text/scan_code/code_histories_status/values/B,Non Birla Opus,??? ????? ???,?? ?????? ????,,???? ?????? ????,??? ?????? ???.,???? ?????? ????,??? ???? ????,?????? ???? ????,?? ?????? Opus,??? ????? ???,??? ????? ???,?? ????? ????
,,,,,,,,,,,,,
constants_text/scan_code/popup_messages/you_already_used/popup_title,You have already scanned this QR code.,???? ???? ?? ?? QR ??? ?? ????? ?? ???? ???,???? ????????? ?? QR ????? ??????? ???????,,???? ???????? ? QR ??????? ?????? ??????.,?????? ???? ?? QR ??? ????? ???? ???.,??????? ??????? ???? QR ?????????? ?????? ???????????????.,?????? ?????? ? QR ???? ????? ??????????????.,???? ?????? ? QR ???? ????? ???????? ??????????.,??? ??????? ???  QR ???? ?????? ????????????,????? ?????? ?? ?? ????? ??? ??? ???? ?? ??? ???,??? ??????? ? ? QR ??? ????? ??? ???? ??.,????? ???????? ?? QR ?'??? ????? ??????
constants_text/scan_code/popup_messages/you_already_used/popup_description,Please check your transaction history for more details.,???? ??????? ?? ??? ????? ???? ??????????? ???????? ??????,??? ????????????? ????? ???? ??????? ??? ????? ?????? ???????? ????? ??????,,??????? ?????? ???? ?????? ?? ????????????? ????????? ????? ??????.,????? ???? ??????????? ????? ??????? ??????/???????????? ???????? ?????.,?????? ????????????? ?????? ??????????? ?????????? ??????????????.,?????? ???????????? ?????? ????????? ?????? ????????? ????????????.,??????? ??????????? ???????? ????? ????????????? ???????  ?????????.,???? ?????? ???? ?????? ??????? ?????? ?????? ??????? ??????,??? ??????? ?? ????? ???? ???? ???-??? ?? ?????? ??? ???? ????,??? ????? ???? ???? ????? ????? ???????????? ???????? ?????.,???? ?????? ???? ??????? ??? ?????? ??????? ?????? ??????? ???
,,,,,,,,,,,,,
constants_text/scan_code/popup_messages/other_already_used/popup_title,This QR code has already been scanned.,?? QR ??? ???? ?? ????? ???? ?? ???? ???,?? QR ??????? ????????? ??????? ??? ???????,,? QR ???? ???????? ?????? ?????????.,?? QR ??? ???? ????? ??????? ??? ???.,???? QR ???????? ??????? ?????? ?????????????????.,? QR ???? ?????? ????? ??????????????.,? QR ???? ????? ?????? ???????? ?????????.,???  QR ???? ??????? ?????? ??????????,?? ????? ??? ?????? ?? ???? ???? ?? ????? ???,? QR ??? ??????? ? ????? ?? ??? ??.,?? QR ?'? ???????? ????? ??? ?????
constants_text/scan_code/popup_messages/other_already_used/popup_description,Please contact your TSM for more details.,???? ??????? ?? ??? ????? ???? TSM ?? ?????? ?????,??? ????????????? ????? ???? ??????? ??? ????? TSM-?? ???? ??????? ?????,,??????? ?????? ???? ?????? ?? TSM?? ????????????.,????? ???? ??????????? ??????? TSM ?? ?????? ????.,?????? ????????????? ?????? TSM ??? ??????? ?????????.,?????? ???????????? ?????? ????????? TSM ???? ???????????.,??????? ??????????? ???????? ????? TSM ????? ?????????.,???? ?????? ???? ??????? ?????? TSM ???? ??????? ??????,??? ??????? ?? ????? ???? ???? ??????? ??? ????? ????,??? ????? ???? ???? ????? ????? TSM ?? ?????? ???.,???? ?????? ???? ??????? ??? ?????? TSM ? ???? ??????? ????
,,,,,,,,,,,,,
pc_complain/submit_complain/images_required,The image is mandatory for invalid scans.,?????? ????? ?? ??? ???? ???????? ???,??? ????????? ???? ????? ????????????,,????? ???????? ???? ???? ?????????.,???? ????????? ??????? ?????? ???.,????? ????????????? ???? ????????????.,???????? ???????????? ????? ???????????.,?????? ?????????????? ????? ????????????.,????? ????? ???? ??? ????? ??????????? ???,???? ???? ?? ????? ?????? ???,?????? ????? ???? ???? ??????? ??.,???? ?????? ???? ????? ???????????
,,,,,,,,,,,,,
pc_complain/crm_complain_creation/success,CRM Complaint Created Successfully.,CRM ?????? ??????????? ???? ?? ?? ?? ???,CRM ?????? ??????? ???? ??? ???????,,CRM ???????? ?????????? ??????????????.,CRM ?????? ???????????? ???? ??????? ??? ???.,CRM ?????? ??????????? ????????????????.,CRM ????? ?????????? ?????????.,CRM ??????? ?????????? ??????????.,CRM ?????? ?????? ?? ?????? ???????,?????? ??????? ?????????? ???? ???,CRM ?????? ??????????? ????????? ???? ??., CRM ?????? ??????? ?????? ??? ?????
pc_complain/crm_complain_creation/already_exists,Complaint Already Exists.,?????? ???? ?? ????? ???,?????? ??? ????? ??????,,???????? ???????? ????.,?????? ???? ?????????? ???.,?????? ??????? ??????.,????? ?????? ?????? ?????.,???? ?????? ???????????????.,???????? ??????? ??? ?????,??????? ?????? ?? ????? ???,?????? ??????? ? ??????????? ??.,?????? ???????? ????
pc_complain/crm_complain_creation/throwable,Unable to create CRM complaint.,CRM ?????? ???? ???? ?? ????,CRM ?????? ???? ??? ???????,,CRM ?????????? ?????????? ?????? ??????.,CRM ?????? ???? ???? ??? ????.,CRM ?????? ???????? ???????????.,CRM ????? ?????????? ????????????.,CRM ??????? ?????? ????????????????.,CRM ?????? ?????? ????? ???????,?????? ??????? ????? ???? ???????,CRM ?????? ????????? ?????? ???.,CRM ?????? ?????? ???? ??? ????
pc_complain/crm_complain_creation/x_api_required,API Key is Required.,API ?? ?????? ???, API ??-?? ??????? ????,,API ?? ?????.,API ?? ?????? ???.,API ?? ????.,API ?? ?????????.,API ?? ?????????.,API ?? ?????? ,????? ?? ?????? ???,API ?? ????? ??.,API ??'? ?????????
pc_complain/crm_complain_creation/x_api_failed,API Key is Invalid.,API ?? ?????? ???,API ??-?? ???? ???,,API ?? ?????.,API ?? ???? ???.,API ?? ???????.,API ?? ?????????,API ?? ????????????.,API ?? ????,????? ?? ???? ???,API ?? ?????? ??.,API ?? ?????
pc_complain/crm_complain_creation/pc_not_found,Invalid Opus ID. Please check and try again.,?????? ??? ????? ????? ??? ???? ?? ??? ?? ????? ?????,??? ???? ????? ??????? ??? ??? ??? ???? ?????? ?????,,????? ???? ???. ?????? ????? ???? ????? ?????????????.,???? ??? ????. ????? ????? ??? ?????? ??????? ???.,????? ???? ???. ?????????? ??????????? ???????? ??????????????.,???????? ???? ???. ?????? ??????????? ??????? ??????????.,?????? ???? ???. ???????? ???? ???? ????? ????? ??????????.,????  ???? ???? ??????? ????? ?????? ??? ??????? ?????? ?????? ?,???? ??? ????? ????? ???? ???? ??? ??? ?????? ??????? ????,?????? ??? ????. ???? ????? ????? ??? ??? ?????? ???.,???? Opus ID ??????? ??? ??????? ??? ??? ???? ?????? ????
,,,,,,,,,,,,,
pc_complain/crm_complain_sync/mismatch_type_of_issue,Type of issue are mismatch with database.,?????? ?? ?????? ??????? ?? ??? ???? ???? ???,??????? ??? ????????? ???? ????? ???,,??????????? ???????? ????? ???.,?????? ?????? ????????? ???? ????.,????????????? ????????? ????????? ???.,????????????????? ????????????? ??? ?????????????? ???.,??????? ????????? ???????????????? ???????????????.,?????? ?????? ???????? ???? ??? ??? ?????,?????? ?? ???? ??????? ??? ??? ???? ??????,???????? ?????? ??????? ???? ??? ???? ???.,??????? ??? ???????? ???? ??? ???
pc_complain/crm_complain_sync/rejection_reason,Permanently blocked user due to :consecutiveCount consecutive complaint rejections,:consecutiveCount ?????? ?????? ??????? ???? ?? ???? ???? ?? ???????? ????? ???? ??? ??,:consecutiveCount ??? ???? ?????? ???????????? ????? ????? ??????? ??????????? ???? ??? ??????,,?????? :consecutiveCount ???????? ????????? ??????? ??????????? ????????? ?????? ??????????.,??????? ?????? ?????????? ????????? ?????? ????? ??????? ??? ???: :consecutiveCount ????.,:consecutiveCount ???????????? ?????? ??????????? ??????? ???????????? ???????????? ?????,:consecutiveCount ?????????? ????? ????????? ????? ???????????? ????????? ???????? ??????,???????????? ?????????? ?????? ????????? ??????? :??? ???? ?????????? ?????,??????????????? ??????  ???? ????? ???????? ????: ??????? ???? ??????? ???? ?????? ????????????, :consecutiveCount ?????? ??????? ??? ??? ???? ??????? ??? ???? ??? ?? ???? ???? ??? ??,:consecutiveCount ??? ??? ?????? ?????????? ????? ?????? ????? ????? ????? ??????? ????? ??,:????? ??????? ?????? ????????????? ???? ???????????? ??????????? ???? ??? ????
pc_complain/crm_complain_sync/permanent_block_msg,Your account has been permanently blocked due to :consecutiveCount consecutive complaint rejections. Please contact the customer care/administrator.,:consecutiveCount ?????? ?????? ??????? ???? ?? ???? ???? ?????? ???????? ????? ???? ??? ??? ????? ?????? ????/?????????????? ?? ?????? ?????,:consecutiveCount ??? ???? ?????? ???????????? ????? ????? ????? ???????????? ??????????? ???? ??? ??????? ??????? ??? ???????? ??????/??????????????????? ???? ??????? ?????,,?????? :consecutiveCount ???????? ????????? ??????? ?? ???? ????????? ?????? ?????????. ?????? ??????? ????/??????????????????? ????????????.,:consecutiveCount ???? ??????? ????????? ?????????? ????? ???? ?????? ????? ??????? ??? ???. ????? ?????? ????/?????????? ?????? ???.,:consecutive Count ???????????? ?????? ??????????? ??????? ?????? ??????? ?????????? ?????? ?????????????????. ?????????? ????????????? ???? / ???????????? ??????? ?????????.,:consecutiveCount ?????????? ????? ????????? ????? ????????? ????????? ????????? ????????? ???????? ??????. ?????? ???????? ????/?????????????????????? ???????????.,????? ????????? :??? ???? ?????????? ???????????? ?????????? ?????? ?????????. ???????? ?????? ?????/????????????? ?????????.,"?????? ????????? ??????  ???? ?????  ???????? ????: ??????? ???? ??????? ???? ?????? ????????????,?????? ?????? ????/?????????? ?? ??????? ???????", :consecutiveCount ?????? ??????? ??? ??? ???? ?????? ???? ??? ???? ??? ?? ???? ???? ??? ??? ????? ???? ???? ????/??????? ??? ????? ????,:consecutiveCount ??? ??? ?????? ???????? ????? ?????? ??????? ????? ????? ????? ??????? ?????? ??. ???? ????? ?????? ??? / ???????????????? ?????? ???.,?????? ????????? ??????????? ???? ??? ???? ???? :?????? ???? ??????? ?????? ????????????? ??????? ??? ?????? ????/???????? ???? ??????? ????
,,,,,,,,,,,,,
project_warranty/create_warranty_product/success_multiple,:count out of :total products were successfully tagged to the project.,:count out of : ??? ?????????? ?? ??????????? ????????? ??? ??? ???? ????,:total-?? ????? :count ??????????? ??????? ??????????? ???? ????? ??? ???????,,:count out of :????? ??????????? ?? ????????????? ?????????? ?????? ??????.,???? :total ???? :count ???????? ????????????/?????????? ??????????? ??? ??????? ??? ????.,:total ????????? :count ???????????? ????????????? ??????????? ???? ????????????.,":total products ? :count ????????????????? ?????????? ???? ??????, ",:????? ????????????? ????? ??????? ?????????? ?????? ?????????.,: ? ????: ??? ??????? ?? ??????????? ????? ???? ??????? ??????????,:count out of :???? ??????? ??? ???????? ??? ?????????? ??? ???? ????,:total ??????????????? :count ??????????? ???????????? ??? ??????? ????? ???.,:count out of :total ???????????? ???????????  ??????? ??? ??? ?????
project_warranty/create_warranty_product/failed,Product tagging failed.,????????? ?????? ???? ????,????????? ??????? ??? ?????,,????????? ????????? ?????????.,???????? ?????? ??????? ????.,????????? ???????? ??????????????.,???????? ????????????? ?????????????.,??????? ????????? ??????????.,???????? ????? ???? ????,????? ?????? ???? ????,???????? ?????? ?????? ???? ??.,???????? ????? ???? ?'??
,,,,,,,,,,,,,
project_warranty/app/warranty_product_not_found,Product tagged to this project not found.,?? ????????? ?? ??? ???? ??? ???????? ???? ?????,?? ??????????? ???? ????? ??? ????????? ?????? ???????,,? ????????????? ?????? ??????? ????????? ????????????.,?? ????????????? ??? ?????? ???????? ?????? ????.,????????????????? ???? ??????????? ????????? ?????????????.,? ????????????????? ?????????????????????? ???????? ????????.,? ?????????? ?? ?????? ?????? ????????? ???????????.,??? ??????????? ??????? ??????? ??????????,?? ???????? ???? ??? ???? ??? ????? ???? ??????,? ???????????? ??? ???? ???????? ??? ???.,?? ??????????? ??? ??? ???????? ???? ??'?
project_warranty/app/lead_not_assigned_to_this_pc,Invalid request: unauthorized lead conversion.,?????? ??????: ??????? ??? ?????????,??? ??????: ????? ????????????? ???????? ??? (????????)?,,????? ????????: ??????? ???? ?????????.,???? ??????: ?????? ?????? ??? ????????.,????? ????????: ????????????????? ???? ?????????.,???????? ??????: ??????????????? ???? ??????.,?????? ??????: ??????? ???? ?????????.,???? ??????:????????????? ???????? ???? ?????????,???? ?????: ????????? ??? ?????,?????? ??????: ??????? ??? ????????.,???? ??????: ???????????? ??? ?????????
project_warranty/app/lead_expired,The lead has expired and cannot be converted.,??? ???????? ?? ?? ?? ?? ??? ??????? ???? ???? ?? ???? ???,????? ?????? ??? ???? ???? ??? ????? ???????? ??? ???? ???,,???? ????? ????????? ????? ?????????.,?? ??? ???????? ???? ??? ??? ????????? ???? ????? ????.,"???? ????????????, ??? ????? ????????.",???????? ??????? ??????? ??? ??????? ????????.,???? ???? ?????? ????? ??????????? ??????????.,??? ? ???? ?????? ???????? ??? ????? ?????????? ??????????? ??????,??? ?? ???? ??? ?? ?? ??? ????? ????? ???? ?? ?????,??? ???????? ?? ?? ?? ??? ????????? ??? ????? ???.,???? ????? ???? ???? ??? ????? ???????? ???? ???????
,,,,,,,,,,,,,
,,,,,,,,,,,,,
ic_app_invoice_list_success,Invoices fetched successfully.,?????? ??????????? ??????? ?? ??? ?? ????,????????????? ??????? ????? ????? ?????,,????????????? ?????????? ???????????.,???????? ????????????/?????????? ??????.,???????????? ????????????? ??????????,??????????? ?????????? ?????????.,????????????????? ?????????? ??????????.,??????????? ?????? ?? ??????? ?????,?????? ?????????? ?????? ???? ???,??????? ??????????? ?????? ??,??????? ????? ??????
ic_app_invoice_list_failed,Failed to fetch invoices.,?????? ??????? ???? ?? ????,????????????? ????? ????? ??????,,?????????????? ???????? ?????????. /  ?????????????? ??????????????,???????? ????????? ???????.,???????????? ??? ???????????.,??????????? ??????????????? ?????????????.,,??????????? ??????? ??????? ????,?????? ?? ??? ????? ???? ?????,??????? ????? ????? ???.,????? ???? ?????????
ic_app_invoice_detail_success,Invoice fetched successfully.,?????? ??????????? ??????? ?? ???? ??? ???,??????? ??????? ????? ????? ?????,,????????????? ?????????? ???????.,???????? ????????????/?????????? ??????.,????????? ????????????? ??????????? ,????????? ?????????? ?????????.,????????????????? ?????????? ??????????.,??????????? ?????? ?? ??????? ?????,?????? ?? ?????????? ??? ????? ????,??????? ??????????? ?????? ??,????? ??????? ??????
ic_app_invoice_detail_failed,Failed to fetch invoice.,?????? ??????? ???? ?? ????,??????? ????? ????? ??????,,????????????? ???????? ?????????.,???????? ????????? ??????? ????.,????????? ??? ???????????.,?????????? ??????????????? ?????????????.,,??????????? ??????? ??????? ????,?????? ?? ??? ????? ???? ?????,??????? ????? ????? ???.,????? ???? ?????????
ic_app_invoice_not_found,Invoice not found for given site id and invoice date.,?? ?? ???? ???? ?? ?????? ?? ????? ?? ??? ?????? ???? ?????,????? ???? ???? ??? ???????? ??????? ???? ?????? ????? ????? ??????,,?????? ???? ??? ????? ?????????? ?????? ?????????? ????????????.,???????? ???? ID ??? ???????? ????????? ???????? ?????? ????.,????????????? ???? ??? ??????? ????????? ????????? ????????? ?????????????.,?????????? ?????? ???????? ?????????? ?????????? ?????????? ????????.,?????? ???? ??? ????? ?????????? ???????????? ?????????? ???????????.,????? ???? ??? ????? ????? ????? ???? ????? ?????????,????? ?? ???? ???? ??? ?????? ???? ?? ?????? ???? ??????,???? ???? ???? ??? ??????? ????? ???? ??????? ???? ???,??????? ???? ID ??? ????? ?????? ???? ????? ???? ??'?
ic_app_milestone_list_success,Milestones fetched successfully.,????????? ??????????? ??????? ?? ??? ?? ????,????????? ??????? ????? ????? ?????,,?????????? ?????????? ???????????.,??????????? ????????????/?????????? ??????.,?????????? ????????????? ??????????,????????????? ?????????? ?????????.,??????????????? ?????????? ??????????.,????????? ????? ???? ?????,????????/??? ???? ?????????? ??? ???? ???,??????????? ??????????? ?????? ??.,????????? ??????? ?????? ???? ?????
ic_app_milestone_list_failed,Failed to fetch milestones.,????????? ??????? ???? ?? ????,????????? ????? ????? ??????,,?????????? ???????? ?????????.,??????????? ????????? ???????.,?????????? ??? ???????????.,??? ?????????? ??????????????? ?????????????.,??????????????? ?????? ??????????.,????????? ???? ?????? ????,????????/??? ???? ??? ????? ???? ???? ???? ????,??????????? ????????? ?????? ??? ???.,????????? ?????? ???? ????
,,,,,,,,,,,,,
ic_tier_remaining_point_text,Keep it up {{USER_NAME}}!,???? ????? {{USERNAME}}!,{{USER_NAME}} ????? ???!,,?????? ????? ???????????? {{USER_NAME}}!,??? ??? ??? ???? {{USER_NAME}}!,????????? ????????????? {{USER_NAME}}!,?????? ????? ????? {{USER_NAME}}!,?????? ?????????? {{USER_NAME}}!,{USER_NAME}} ???? ??!, {{USER_NAME}}! ?? ??? ???? ????,?? ?? ? ??? ???? ??? {{USER_NAME}}!,????? ?????? ????? {{USER_NAME}}!
ic_tier_earn_point_unlock_tier,Add items worth ?{{REMAINING_BILL_VALUE}} to unlock next reward!,???? ??????? ????? ???? ?? ??? ?{{REMAINING BILL VALUE}} ?? ???? ??????!,??????? ?????????? ???? ???? ?{{REMAINING_BILL_VALUE}} ??????? ????? ??? ????!,,?????? ??????????? ???????? ????????? ?{{REMAINING_BILL_VALUE}} ??????? ??????????(??????? ??) ?????????!,????? ?????? ????? ?????????? ???? ?{{REMAINING_BILL_VALUE}} ?? ????? ????!,"?{{REMAINING_BILL_VALUE}} ?????????? ????????? ???????????, ?????? ????????  ??????! ",?????? ??????? ???????? ??????? ?{{REMAINING_BILL_VALUE}} ?????????? ???????? ????????!,?????? ??????????? ???????? ????? ?{{REMAINING_BILL_VALUE}} ?????? ????????? ??????!,????????? ???????? ???? ????? ???? ?{{REMAINING_BILL_VALUE}} ?????? ??????? ???????,???? ???? ????? ??? ?? ?{{REMAINING_BILL_VALUE}} ???? ?????? ????? ???!,????? ?????????? ????? ???? ???? ?{{REMAINING_BILL_VALUE}} ?? ??????? ?????? ?????!,??????? ???????? ???? ?????? ?{{REMAINING_BILL_VALUE}} ?????? ????? ??? ???
ic_tier_details_fetch_success,Tier details fetched successfully.,???? ????? ??????????? ??????? ?? ???? ??? ???,??????? ????? ??????? ????? ????? ?????,,???? ??????? ?????????? ???????????.,???? ????? ????????????/?????????? ??????.,????? ????????? ????????????? ??????????,??? ???????? ?????????? ?????????.,?????? ?????????? ?????????? ??????????.,????? ???? ??????? ????? ?????? ??????? ?????,???? ????? ?????????? ?????? ???? ???,???? ????? ??????????? ?????? ??.,??????? ????? ??????? ??? ????? ?????
ic_tier_details_fetch_failed,Failed to fetch tier details.,???? ????? ??????? ???? ?? ????,??????? ????? ????? ????? ??????,,???? ???????? ???????? ?????????.,???? ????? ????????? ???????.,????? ????????? ??? ???????????.,??? ???????? ??????????????? ?????????????.,?????? ?????????? ?????? ??????????.,????? ?????? ??????? ??????? ????,???? ????? ??? ????? ???? ???? ?????,???? ????? ????? ????? ???.,??????? ????? ???? ??? ????
ic_balance_success,Balance details fetched successfully.,?????? ????? ??????????? ??????? ?? ???? ??? ???,??????????? ????? ??????? ????? ????? ?????,,?????????? ??????? ?????????? ???????????.,?????? ????? ????????????/?????????? ??????.,??????? ????????? ????????????? ??????????,?????? ???????? ?????????? ?????????.,?????????? ?????????? ?????????? ??????????.,???? ????? ?????? ?????? ?? ??????? ?????,?????? ?? ????? ?????????? ??? ???? ???,??????? ????? ??????????? ?????? ??.,????????? ????? ??????? ??????
ic_balance_failed,Failed to fetch balance details.,?????? ????? ??????? ???? ?? ????,??????????? ????? ????? ????? ??????,,?????????? ???????? ???????? ?????????.,?????? ????? ????????? ???????.,??????? ????????? ??? ???????????.,?????? ???????? ??????????????? ?????????????.,?????????? ?????????? ?????? ??????????.,???? ????? ?????? ??????? ??????? ????,?????? ?? ????? ??? ????? ???? ???? ?????,??????? ????? ????? ????? ???.,????????? ????? ???? ??? ????
ic_transactions_failed,Failed to fetch transactions.,??????????? ??????? ???? ?? ????,?????? ????? ????? ??????,,????????????? ??? ???????? ?????????.,?????? ?????? ????????? ???????.,???????????????? ??? ???????????.,???????? ???????? ??????????????? ?????????????.,?????????????  ??????  ??????????,?????? ??????? ??????? ????,???-??? ?? ????? ??? ????? ???? ???? ,???????????? ????? ????? ???.,?????? ?????? ???????
ic_app_transactions_list_success,Transactions fetched successfully,?????????? ??????????? ??????? ?? ??? ?? ????,?????? ??????? ????? ????? ????,,????????????? ?? ?????????? ???????????,?????? ?????? ????????????/?????????? ??????.,?????????????? ????????????? ??????????,???????? ?????????? ?????????.,????????????? ????? ?????????? ??????????,?????? ??????? ??????? ???,???-??? ?? ????? ??? ????? ???? ?????,???????????? ??????????? ?????? ??,?????? ??????? ??????
ic_app_site_list_success,Leads fetched successfully.,??? ??????????? ??????? ?? ?? ?? ???,??? ??????? ????? ????? ????,,?????? ?????????? ???????????.,????? ????????????/?????????? ????????.,??????? ????????????? ??????????.,?????? ?????????? ?????????.,??????????? ?????????? ??????????.,??? ??????? ??????? ???,??? ?????????? ??? ???? ???,????? ??????????? ?????? ??.,??????? ??? ??????
ic_app_site_list_failed,Failed to fetch leads.,??? ??????? ???? ?? ????,??? ????? ????? ??????,,?????? ???????? ?????????.,????? ????????? ???????.,????????? ????????? ??????.,?????? ??????????????? ?????????????.,??????????? ?????? ??????????.,??? ??????? ??????? ????,??? ??? ????? ???? ?????,????? ????? ????? ???.,??? ???? ?????????
ic_app_redemption_detail_success,Redemption details fetched successfully,????????? ????? ??????????? ??????? ?? ???? ??? ???,??????????? ????? ??????? ????? ????? ????,,?????????? ??????? ?????????? ???????????,?????????? ????? ????????????/?????????? ??????.,?????????? ????????? ????????????? ??????????.,???????????? ???????? ?????????? ?????????,?????????? ?????????? ?????????? ??????????,??????? ?????? ??????? ??????? ???,????????? ????? ?????????? ??? ???? ??,????????? ????? ??????????? ?????? ??,?????????? ????? ??????? ??? ????? ????
ic_app_redemption_detail_failed,Unable to fetch redemption details,????????? ????? ??????? ???? ?? ????,??????????? ????? ????? ????? ?????,,?????????? ???????? ??????????????,?????????? ????? ?????? ??? ?????.,?????????? ??????????? ??? ???????????.,???????????? ???????? ?????????? ????????????,?????????? ?????????? ?????? ????????????????,??????? ?????? ??????? ??????? ????,????????? ????? ??? ????? ???? ??????,????????? ????? ????? ????? ???,??????? ????? ???? ??? ???
ic_app_contractor_non_ic,Contractor is not Ic/TC contractor with IC persona.,??????? IC ??????? (??????????) ???? Ic/TC ??????? ???? ???,????????????? IC ????????? ???? IC/TC ????????????? ???,??????? IC ????????? ???? IC/TC ??????? ???,???????????? IC ??????????? (persona)?? Ic/TC ???????????? ????.,???????????? ?? IC/TC ???? IC persona ?? ????.,????????????? ??? ????? ????? ???/???? ????????????? ????.,??????????? IC ???????? Ic/TC ??????????? ????.,????????????? IC ???????? Ic/TC ???????????????,??????? ???  IC  ??????? ???? Ic/TC ??????? ????????,??????? ???? ?????? ???? ????/???? ??????? ???? ???,???????????? IC ?????????? (persona) ?????? Ic/TC ???????????? ???.,??????? IC ?????????? ??? IC/TC ??????? ????
ic_app_mileston_additional_bonus,+:point_value bonus points, +:point_value ???? ?????, +:point_value ????? ??????? ,, +:point_value ????? ?????????, +:point_value ???? ???????, +:point_value ????? ???????????, +:point_value ????? ????????, +: ???????_????? ????? ??????, +:????? _????? ???? ????? , +:point_value ???? ??????, +:point_value ???? ??????,:point_value ????? ?????
ic_app_transactions_credit,Points earned,???? ?? ?????,????? ??? ??????,,?????????? ?????????,???????? ???????,????? ???????????,????? ??????????,?????? ??????,?????? ???????,???? ?? ??????,?????? ??????,????? ??? ???
ic_app_transactions_debit,Points redemption,????? ?????????,??????? ?????????,,???????? ??????????,?????????? ???????,???????? ?????????? ,?????????? ????????????,?????????? ??????????,?????? ???????,?????? ?????????,?????? ?????????,????? ?????????
ic_app_transactions_credit_remark,Points earned for billing Birla Opus products worth ?:bill_value Lakhs,?:bill_value ??? ????? ?? ????? ??? ?????????? ?? ?????? ?? ??? ???? ?? ?????,?:bill_value ???? ??????? ?????? ???? ????????? ????? ???? ???? ????? ??? ???????,,?:bill_value ????? ??????? ?????? ???? ??????????? ?? ????????? ?????????? ?????????? ?????????,?:bill_value ????????? ?????? ??? ???????????? ?????????? ??????? ??????.,?:bill_value ????????? ?????????? ?????? ???? ???????????? ???? ????????????? ????? ???????????,?:bill_value ????? ?????????? ???? ???? ??????????? ??? ????????? ????? ??????????,?:bill_value ???? ?????? ?????? ???? ???????????? ????????? ?????? ??????,?????? ??? ???????????? ???? ????? ??????? ?????????? ?: ???_????? ????,?:bill_value ????? ?? ????? ??? ??????? ?? ?????? ?? ???? ?? ??????,?:bill_value ????? ????? ??? ?????????? ?????? ???? ?????? ????????,?:bill_value ???  ?????? Birla Opus ????????? ????? ??? ???? ?????
ic_app_transactions_remarks/M,Milestone achievement,????? ???? ??? ?????????,????? ??? ????????? ,,???????? ???? / ???? ?????? ?????????? ,????????? ???????????.,??????? ?????,?????????? ??????,????????? ?????,????????? ?????,????????/??????? ???????,????????? ??????,????? ??? ????????? 
ic_app_transactions_remarks/B,Bonus,????,?????,,?????,????,?????,?????,?????,????,????,????,?????
ic_app_transactions_remarks/C,Bonus,????,?????,,?????,????,?????,?????,?????,????,????,????,?????
ic_app_transactions_remarks/T,Points redemption,????? ?????????,??????? ?????????,,???????? ??????????,?????????? ???????,???????? ?????????? ,?????????? ????????????,?????????? ??????????,?????? ???????,?????? ?????????,?????? ?????????,????? ?????????
ic_transactions_not_found,Transaction not found for given cash transfer Id.,?? ?? ??? ???????? ???? ?? ??? ??????????? ???? ?????,????? ????? ?????????? ????? ???? ?????? ????? ?????? ???????,,?????? ?????? ??????????? ??? ???? ????????????? ????????????.,???????? ??? ????????? ID ???? ?????? ?????? ?????? ????.,????????????? ???? ???????? ??????? ??????????? ?????????????.,??????????????? ?????? ????????? ???????? ?????? ??????????????,??????? ???? ???????? ????? ??????? ???????????.,?????????? ??? ?????????? ???? ???? ?????? ?????? ?????,????? ?? ???? ???????? ???? ?? ???-??? ???? ??????,???? ??? ????????? ???? ???? ???????????? ?????? ???.,??????? ??? ?? ?????????? Id ? ???? ?????? ???? ??'?
general_configuration_success,General configuration fetched successfully.,???? ???????????? ??????????? ??????? ?? ???? ??? ???,?????? ???????????? ??????? ????? ????? ?????,,?????? ???????????? ?????????? ??????????. / ??????? ???????????? ?????????? ??????????.,??????? ??????????? ???????????? ??????.,??????? ????????????? ????????????? ???????????.,?????? ?????????? ?????????? ?????????.,??????? ??????????? ?????????? ??????????.,?????? ??????? ?????? ???? ??????? ?????,?? ?????? ?????????? ??? ???? ???,???? ????????????? ??????????? ?????? ??.,?????? ??????? ??????? ??? ????
general_configuration_success_failed,Failed to fetch general configuration.,???? ???????????? ??????? ???? ?? ????,?????? ???????????? ????? ????? ??????,,?????? ??????????????? ???????? ?????????. / ??????? ???????????? ?? ???????? ?????????.,??????? ??????????? ????????? ???????.,??????? ????????????? ????????? ??????.,?????? ?????????? ??????????????? ?????????????.,??????? ??????????? ?????? ??????????.,?????? ??????? ??????? ??????? ????,?? ?????? ??? ????? ???? ?????,???? ????????????? ????? ????? ???.,?????? ??????? ?????? ???????
,,,,,,,,,,,,,
constants_text/scan_code/popup_messages/propix_validation/popup_description,The QR scanning server is currently down. Please try again after some time.,QR ???????? ????? ??? ???? ??? ????? ??? ??? ??? ??? ?? ????? ?????,QR ????????? ??????? ???????? ???? ???? ??????? ??? ???????? ??? ???? ?????? ?????,,QR ????????? ?????? ????????? ??????? ????. ?????? ???? ???? ?????? ????? ?????????????.,QR ???????? ??????? ????? ??? ???. ????? ???? ?????? ?????? ??????? ???.,QR ???????? ???????? ??????? ???????????????. ?????? ????? ??????? ???????? ??????????????.,QR ????? ????????? ???? ?????? ????????????????????. ?????? ??????? ????????? ???? ??????? ??????????.,QR ??????????? ?????? ???????? ?????????????????????. ???????? ?????? ???? ???? ????? ??????????.,QR ?????? ??????? ????????? ?????? ???????????? ??? ??????? ?????? ???????,????? ??????? ???? ?? ???? ??? ??? ????? ???? ???? ???? ???? ?????? ??????? ????,QR ???????? ????? ?????? ???? ??. ???? ????? ???? ??? ??? ??? ?????? ???.,??????? QR ??????? ??????? ???? ?? ???? ??????? ??? ???? ????? ???? ???? ?????? ???
,,,,,,,,,,,,,
painter_contractor/url/contractor,contractors,???????,????????????? ,??????? ,??????????????,??????????????,???????????????? ,??????????????,?????????????,???????????,???????,?????????????,???????
painter_contractor/url/painter,painters,?????,????????,,??????????,???????,???????????? ,???????????,??????????,????????????,?????,?????????,???????
painter_contractor/url/institutional_contractor,institutional-contractors,????????-???????,?????????????-?????????????,?????????????-???????,?????-?????????????? / ??????????????? -?????????????? ,????????????? ??????????????,??????-????????????????,??????-??????????????,????????-?????????????,?????????? ???????????,???????-???????,??????????????-????????????,????????????-???????
painter_contractor/url/guest_user,guest-users,?????-??????,?????-?????,,??????-?????????????,????? ?????????,?????? -????????,???????-????,?????-?????????,????? ???????????,??????-???????,????? ??????,?????-???????????
painter_contractor/listing/opus_pc_id,Opus ID,??? ????,???? ????,,???? ???,??? ID,???? ???,???? ???,???? ???,Opus ????,??? ????,??? ????,Opus ID
,,,,,,,,,,,,,
constants_text/points_refence_types/values/G,Points adjustment against technical issue,?????? ?????? ?? ???? ????? ?????? ??? ??,?????????? ??????? ???? ????????? ?????????? ??? ?????,,???????? ??????? ??????????? ???????? ?????????,???????? ?????????? ????? ???????.,??????????? ??????????? ?????? ????????? ??????????,????????? ??????? ????? ?????????? ?????????? ??????,???????? ??????? ??????? ?????????? ?????????,?? ?????? ?????? ?????? ???????????? ?????? ????????,?????? ????? ?? ?? ?????? ?????????,??????? ?????? ???? ?????? ???????????,??????? ??????? ??????? ????? ????????????
constants_text/points_refence_types/values/W,Already Scanned Debit,???? ?? ????? ???? ??? ?????,????????? ??????? ??? ?????,,???????? ?????? ??????? ??????,???? ????? ?????? - ?????.,??????? ?????? ??????????? ?????? ,???????? ?????? ????? ??????,?????? ???????? ????????? ??????,?????? ?????? ?????????,?????? ?? ???? ???? ?????,??????? ? ????? ???? ?????,???????? ????? ??? ?????
,,,,,,,,,,,,,
constants_text/points_refence_types/description/G,Points adjustment against technical issue,?????? ?????? ?? ???? ????? ?????? ??? ??,?????????? ??????? ???? ????????? ?????????? ??? ?????,,???????? ??????? ??????????? ???????? ?????????,???????? ?????????? ????? ???????.,??????????? ??????????? ?????? ????????? ??????????,????????? ??????? ????? ?????????? ?????????? ??????,???????? ??????? ??????? ?????????? ?????????,?? ?????? ?????? ?????? ???????????? ?????? ????????,?????? ????? ?? ?? ?????? ?????????,??????? ?????? ???? ?????? ???????????,??????? ?????? ??????? ????? ????????????
constants_text/points_refence_types/description/W,"You scanned someone else's product, so the points have been reverted","???? ???? ?? ?? ???????? ?? ????? ???? ??, ????? ????? ???? ?? ??? ?? ???","???? ???? ???? ????????? ??????? ??????, ??? ????????????? ???? ?????? ??????",,"???? ??????? ????????? ?? ?????? ??????, ??????? ????????? ?????? ????????????","?????? ????????? ???????? ????? ???? ???, ???????? ??????? ??? ????? ???? ????.","??????? ??????????? ????????? ?????? ?????????, ??????????? ????????? ??????????.","?????? ??????????? ???????? ????? ??????, ?????? ?????????? ??????????????","???? ???????? ???????????? ???????? ??????????, ???????? ?????????????? ????????????????","??? ????? ??? ?????????? ??????? ?????? ????????, ?????????? ??????????? ?????????","????? ???? ??? ?? ????? ??? ???? ???? ??, ?? ?? ?????? ???? ?? ????? ?? ??","??? ??? ?????? ?????????? ????? ?????? ??, ???? ?????? ???? ????? ??????? ????? ??","????? ?? ??????? ???????? ????? ?????, ????? ???????? ????? ????? ????"
constants_text/points_refence_types/description/Q,Cash Differentiate Point Credited on your complaint resolution,???? ?????? ?? ?????? ???? ?? ??? ??? ?????????? ????? ??????? ???? ???,????? ???????? ?????? ????? ???? ????? ????????????? ??????? ??????? ??? ??????,????? ???????? ?????? ????? ???? ??? ???????? ??????? ??? ??? ??????,?? ???????? ??????????? ?????? ????????????? ??????? ???????? ?????????,??????? ??????????? ?????????? ?????? ??? ??? ??????? ??? ???? ????.,?????? ?????? ???????? ?????? ???? ?????????????? ???????? ???????? ?????????????????  ,????????? ????? ?????????????? ?????? ????????????? ????????  ?????????? ??????,????? ???? ??????? ???? ???????? ?????? ???? ????????????? ???????,??????? ?????? ???????? ???? ????? ????????? ????? ????????,?????? ??????? ??????? ?? ???? ??????????? ?????? ??????? ???? ???,????? ???????? ??????? ?? ??? ?????????? ?????? ??????? ??????? ???? ??,?????? ??????? ??????? ???? ??? ???????? ????? ??????? ??? ???
constants_text/points_refence_types/description/S,Loyalty Points debited because of points mismatch complaint resolution,??????? ?? ??? ???? ???? ?? ?????? ?? ?????? ???? ?? ???? ??????? ????? ????? ??? ??,??????? ???????? ???????? ?????? ????? ????? ??????? ????????? ????? ??? ?????? ,??????? ???????? ???????? ?????? ????? ????? ??????? ??????? ???? ????? ?????? ,????????? ???????? ???????? ????????? ??????? ??????? ????????? ?????? ??????????,??????? ?????????? ??????????? ??????? ??????? ????? ??????? ??? ????.,??????????? ????????? ?????? ?????? ??????? ??????? ??????????? ?????? ???????????? ,????????????? ????????????? ????? ?????????????? ???????? ?????????? ???????? ??????,?????? ??????????? ???? ??????? ???? ??????? ?????????????? ?????? ?????????,??? ???????? ?????? ???????? ???? ??????? ????? ?????? ?????,?????? ??????? ?????????? ?? ??? ???? ?????? ?????? ????? ???? ?? ??,?????? ?????? ???????? ????????? ????? ??????? ?????? ????? ??????? ????? ??,?’??????? ?????? ??? ?????? ?????? ?????????? ???? ????? ??? ?????
,,,,,,,,,,,,,
constants_text/scan_code/popup_messages/non_birla_opus/popup_title,Invalid QR Code,?????? QR ???,??? QR ???,,????? QR ????,???? QR ???.,????? QR ????????,???????? QR ????,?????? QR ????,???? QR ????,???? ????? ???,?????? QR ???,???? QR ?'?
constants_text/scan_code/popup_messages/non_birla_opus/popup_description,Please scan a Birla Opus product to earn Loyalty points.,??????? ????? ???? ?? ??? ????? ????? ??? ???????? ?? ????? ?????,??????? ??????? ????? ???? ???? ??????? ??? ???? ?????? ???? ????????? ??????? ?????,,??????? ?????????? ?????????????? ?????? ?????? ???? ????????? ?? ?????? ??????.,??????? ??????? ???????????? ????? ?????? ??? ???????? ????? ???.,??????? ??????????? ??? ?????? ???? ????????? ?????? ?????????.,???????? ?????????? ????? ?????? ??? ???? ???? ???????? ????? ???????.,??????? ?????????????? ?????? ???????? ?????? ???? ???????????? ???????? ????.,??????? ????? ????? ???? ?????? ?? ?????? ???? ????? ?????? ??????,?????? ?????? ????? ?? ????? ???? ????? ??? ????? ??? ???? ???? ,??????? ?????? ?????? ???? ???? ????? ????? ??? ???????? ????? ???.,??????? ??? Loyalty ????? ??? ?????? Birla Opus ???????? ??? ????? ????
,,,,,,,,,,,,,
project_warranty/app/warranty_already_closed,This project has already been closed.,?? ????????? ???? ?? ??? ?? ???? ???,?? ????????????? ????????? ???? ??? ?????? ???????,,? ?????????? ???????? ?????????????.,?? ????????? ???? ??? ??????? ??? ???.,???? ????????? ??????? ???????????????.,? ??????????? ?????? ??????????????.,? ?????????? ?????? ???????????.,??? ??????????? ???? ???????????,?? ???????? ?????? ?? ??? ?? ????? ??? ???,? ????????? ??????? ? ??? ?? ??? ??.,?? ?????????? ???????? ???? ??? ???? ?????
